Workbook

Sheet Overview
A1: 二項分配機率 - Excel 實作
A2: Source: https://ezslotdesign.com/binomial-distribution/
A4: 工作簿結構
A5: Sheet | B5: 用途
A6: Inputs | B6: 箱子數、圖案機率、等級門檻、重開輪數等可調參數
A7: Single Round | B7: 單輪開 15 格時，各圖案開到 0~15 個的二項分配
A8: Level Prob | B8: 使用 BINOM.DIST.RANGE 計算各圖案得到 Level 1~5 的機率
A9: Multi Round B1 | B9: B1 留下、非 B1 重開 5 輪的最終分布，含簡化法與轉移矩陣法
A10: Notes | B10: 公式與觀念摘要
A12: 核心公式
A13: 二項分配 | B13: P(X=k)=COMBIN(n,k) * p^k * (1-p)^(n-k)
A14: Excel 剛好 k 次 | B14: =BINOM.DIST(k,n,p,FALSE)
A15: Excel 區間機率 | B15: =BINOM.DIST.RANGE(n,p,lower,upper)
A16: 多輪單格成功率 | B16: q = 1 - (1-p)^rounds
A17: 多輪最終 k 格 | B17: BINOM.DIST(k,n,q,FALSE)
A18: 轉移矩陣 | B18: M[to,from] = P(next = to | current = from)，欄加總為 1

Sheet Inputs
A1: Inputs
A2: Source: https://ezslotdesign.com/binomial-distribution/
A4: 基本設定
A5: 項目 | B5: 值 | C5: 說明
A6: 箱子總數 n | B6: 15 | C6: 一次 Bonus 開啟的箱子數
A7: 重開輪數 | B7: 5 | C7: B1 留下，非 B1 關起後重開的總輪數
A8: 目標圖案 | B8: B1 | C8: 多輪重開範例只收集 B1
A10: 圖案機率
A11: Symbol | B11: B1 | C11: B2 | D11: B3 | E11: B4 | F11: B5
A12: Chance | B12: 0.1 | C12: 0.15 | D12: 0.2 | E12: 0.25 | F12: 0.3
A14: 等級門檻
A15: Level | B15: L1 | C15: L2 | D15: L3 | E15: L4 | F15: L5 | G15: 說明
A16: Lower | B16: 5 | C16: 9 | D16: 12 | E16: 14 | F16: 15 | G16: 達到此個數可進入該等級
A17: Upper | B17: 8 | C17: 11 | D17: 13 | E17: 14 | F17: 15 | G17: 下一等級前一格；L5 為 15

Sheet Single Round
A1: 單輪 15 格：各圖案開到 0~15 個的機率
A3: 個數 k | B3: B1 | C3: B2 | D3: B3 | E3: B4 | F3: B5
A4: 0 | B4: =_xlfn.BINOM.DIST($A4,Inputs!$B$6,HLOOKUP(B$3,Inputs!$B$11:$F$12,2,FALSE),FALSE) -> 0.20589113 | C4: =_xlfn.BINOM.DIST($A4,Inputs!$B$6,HLOOKUP(C$3,Inputs!$B$11:$F$12,2,FALSE),FALSE) -> 0.087354219 | D4: =_xlfn.BINOM.DIST($A4,Inputs!$B$6,HLOOKUP(D$3,Inputs!$B$11:$F$12,2,FALSE),FALSE) -> 0.035184372 | E4: =_xlfn.BINOM.DIST($A4,Inputs!$B$6,HLOOKUP(E$3,Inputs!$B$11:$F$12,2,FALSE),FALSE) -> 0.013363461 | F4: =_xlfn.BINOM.DIST($A4,Inputs!$B$6,HLOOKUP(F$3,Inputs!$B$11:$F$12,2,FALSE),FALSE) -> 0.0047475615
A5: 1 | B5: =_xlfn.BINOM.DIST($A5,Inputs!$B$6,HLOOKUP(B$3,Inputs!$B$11:$F$12,2,FALSE),FALSE) -> 0.34315189 | C5: =_xlfn.BINOM.DIST($A5,Inputs!$B$6,HLOOKUP(C$3,Inputs!$B$11:$F$12,2,FALSE),FALSE) -> 0.23123176 | D5: =_xlfn.BINOM.DIST($A5,Inputs!$B$6,HLOOKUP(D$3,Inputs!$B$11:$F$12,2,FALSE),FALSE) -> 0.1319414 | E5: =_xlfn.BINOM.DIST($A5,Inputs!$B$6,HLOOKUP(E$3,Inputs!$B$11:$F$12,2,FALSE),FALSE) -> 0.066817305 | F5: =_xlfn.BINOM.DIST($A5,Inputs!$B$6,HLOOKUP(F$3,Inputs!$B$11:$F$12,2,FALSE),FALSE) -> 0.030520038
A6: 2 | B6: =_xlfn.BINOM.DIST($A6,Inputs!$B$6,HLOOKUP(B$3,Inputs!$B$11:$F$12,2,FALSE),FALSE) -> 0.26689591 | C6: =_xlfn.BINOM.DIST($A6,Inputs!$B$6,HLOOKUP(C$3,Inputs!$B$11:$F$12,2,FALSE),FALSE) -> 0.28563923 | D6: =_xlfn.BINOM.DIST($A6,Inputs!$B$6,HLOOKUP(D$3,Inputs!$B$11:$F$12,2,FALSE),FALSE) -> 0.23089744 | E6: =_xlfn.BINOM.DIST($A6,Inputs!$B$6,HLOOKUP(E$3,Inputs!$B$11:$F$12,2,FALSE),FALSE) -> 0.15590705 | F6: =_xlfn.BINOM.DIST($A6,Inputs!$B$6,HLOOKUP(F$3,Inputs!$B$11:$F$12,2,FALSE),FALSE) -> 0.091560115
A7: 3 | B7: =_xlfn.BINOM.DIST($A7,Inputs!$B$6,HLOOKUP(B$3,Inputs!$B$11:$F$12,2,FALSE),FALSE) -> 0.12850544 | C7: =_xlfn.BINOM.DIST($A7,Inputs!$B$6,HLOOKUP(C$3,Inputs!$B$11:$F$12,2,FALSE),FALSE) -> 0.21843 | D7: =_xlfn.BINOM.DIST($A7,Inputs!$B$6,HLOOKUP(D$3,Inputs!$B$11:$F$12,2,FALSE),FALSE) -> 0.2501389 | E7: =_xlfn.BINOM.DIST($A7,Inputs!$B$6,HLOOKUP(E$3,Inputs!$B$11:$F$12,2,FALSE),FALSE) -> 0.22519907 | F7: =_xlfn.BINOM.DIST($A7,Inputs!$B$6,HLOOKUP(F$3,Inputs!$B$11:$F$12,2,FALSE),FALSE) -> 0.17004021
A8: 4 | B8: =_xlfn.BINOM.DIST($A8,Inputs!$B$6,HLOOKUP(B$3,Inputs!$B$11:$F$12,2,FALSE),FALSE) -> 0.042835146 | C8: =_xlfn.BINOM.DIST($A8,Inputs!$B$6,HLOOKUP(C$3,Inputs!$B$11:$F$12,2,FALSE),FALSE) -> 0.11563941 | D8: =_xlfn.BINOM.DIST($A8,Inputs!$B$6,HLOOKUP(D$3,Inputs!$B$11:$F$12,2,FALSE),FALSE) -> 0.18760417 | E8: =_xlfn.BINOM.DIST($A8,Inputs!$B$6,HLOOKUP(E$3,Inputs!$B$11:$F$12,2,FALSE),FALSE) -> 0.22519907 | F8: =_xlfn.BINOM.DIST($A8,Inputs!$B$6,HLOOKUP(F$3,Inputs!$B$11:$F$12,2,FALSE),FALSE) -> 0.21862313
A9: 5 | B9: =_xlfn.BINOM.DIST($A9,Inputs!$B$6,HLOOKUP(B$3,Inputs!$B$11:$F$12,2,FALSE),FALSE) -> 0.010470814 | C9: =_xlfn.BINOM.DIST($A9,Inputs!$B$6,HLOOKUP(C$3,Inputs!$B$11:$F$12,2,FALSE),FALSE) -> 0.044895301 | D9: =_xlfn.BINOM.DIST($A9,Inputs!$B$6,HLOOKUP(D$3,Inputs!$B$11:$F$12,2,FALSE),FALSE) -> 0.10318229 | E9: =_xlfn.BINOM.DIST($A9,Inputs!$B$6,HLOOKUP(E$3,Inputs!$B$11:$F$12,2,FALSE),FALSE) -> 0.16514598 | F9: =_xlfn.BINOM.DIST($A9,Inputs!$B$6,HLOOKUP(F$3,Inputs!$B$11:$F$12,2,FALSE),FALSE) -> 0.20613038
A10: 6 | B10: =_xlfn.BINOM.DIST($A10,Inputs!$B$6,HLOOKUP(B$3,Inputs!$B$11:$F$12,2,FALSE),FALSE) -> 0.0019390395 | C10: =_xlfn.BINOM.DIST($A10,Inputs!$B$6,HLOOKUP(C$3,Inputs!$B$11:$F$12,2,FALSE),FALSE) -> 0.0132045 | D10: =_xlfn.BINOM.DIST($A10,Inputs!$B$6,HLOOKUP(D$3,Inputs!$B$11:$F$12,2,FALSE),FALSE) -> 0.042992623 | E10: =_xlfn.BINOM.DIST($A10,Inputs!$B$6,HLOOKUP(E$3,Inputs!$B$11:$F$12,2,FALSE),FALSE) -> 0.091747767 | F10: =_xlfn.BINOM.DIST($A10,Inputs!$B$6,HLOOKUP(F$3,Inputs!$B$11:$F$12,2,FALSE),FALSE) -> 0.14723599
A11: 7 | B11: =_xlfn.BINOM.DIST($A11,Inputs!$B$6,HLOOKUP(B$3,Inputs!$B$11:$F$12,2,FALSE),FALSE) -> 0.00027700565 | C11: =_xlfn.BINOM.DIST($A11,Inputs!$B$6,HLOOKUP(C$3,Inputs!$B$11:$F$12,2,FALSE),FALSE) -> 0.002995979 | D11: =_xlfn.BINOM.DIST($A11,Inputs!$B$6,HLOOKUP(D$3,Inputs!$B$11:$F$12,2,FALSE),FALSE) -> 0.013819057 | E11: =_xlfn.BINOM.DIST($A11,Inputs!$B$6,HLOOKUP(E$3,Inputs!$B$11:$F$12,2,FALSE),FALSE) -> 0.039320472 | F11: =_xlfn.BINOM.DIST($A11,Inputs!$B$6,HLOOKUP(F$3,Inputs!$B$11:$F$12,2,FALSE),FALSE) -> 0.081130033
A12: 8 | B12: =_xlfn.BINOM.DIST($A12,Inputs!$B$6,HLOOKUP(B$3,Inputs!$B$11:$F$12,2,FALSE),FALSE) -> 3.0778406e-05 | C12: =_xlfn.BINOM.DIST($A12,Inputs!$B$6,HLOOKUP(C$3,Inputs!$B$11:$F$12,2,FALSE),FALSE) -> 0.00052870218 | D12: =_xlfn.BINOM.DIST($A12,Inputs!$B$6,HLOOKUP(D$3,Inputs!$B$11:$F$12,2,FALSE),FALSE) -> 0.0034547643 | E12: =_xlfn.BINOM.DIST($A12,Inputs!$B$6,HLOOKUP(E$3,Inputs!$B$11:$F$12,2,FALSE),FALSE) -> 0.013106824 | F12: =_xlfn.BINOM.DIST($A12,Inputs!$B$6,HLOOKUP(F$3,Inputs!$B$11:$F$12,2,FALSE),FALSE) -> 0.034770014
A13: 9 | B13: =_xlfn.BINOM.DIST($A13,Inputs!$B$6,HLOOKUP(B$3,Inputs!$B$11:$F$12,2,FALSE),FALSE) -> 2.6598622e-06 | C13: =_xlfn.BINOM.DIST($A13,Inputs!$B$6,HLOOKUP(C$3,Inputs!$B$11:$F$12,2,FALSE),FALSE) -> 7.2566966e-05 | D13: =_xlfn.BINOM.DIST($A13,Inputs!$B$6,HLOOKUP(D$3,Inputs!$B$11:$F$12,2,FALSE),FALSE) -> 0.00067175973 | E13: =_xlfn.BINOM.DIST($A13,Inputs!$B$6,HLOOKUP(E$3,Inputs!$B$11:$F$12,2,FALSE),FALSE) -> 0.0033980655 | F13: =_xlfn.BINOM.DIST($A13,Inputs!$B$6,HLOOKUP(F$3,Inputs!$B$11:$F$12,2,FALSE),FALSE) -> 0.011590005
A14: 10 | B14: =_xlfn.BINOM.DIST($A14,Inputs!$B$6,HLOOKUP(B$3,Inputs!$B$11:$F$12,2,FALSE),FALSE) -> 1.7732415e-07 | C14: =_xlfn.BINOM.DIST($A14,Inputs!$B$6,HLOOKUP(C$3,Inputs!$B$11:$F$12,2,FALSE),FALSE) -> 7.6835611e-06 | D14: =_xlfn.BINOM.DIST($A14,Inputs!$B$6,HLOOKUP(D$3,Inputs!$B$11:$F$12,2,FALSE),FALSE) -> 0.00010076396 | E14: =_xlfn.BINOM.DIST($A14,Inputs!$B$6,HLOOKUP(E$3,Inputs!$B$11:$F$12,2,FALSE),FALSE) -> 0.00067961309 | F14: =_xlfn.BINOM.DIST($A14,Inputs!$B$6,HLOOKUP(F$3,Inputs!$B$11:$F$12,2,FALSE),FALSE) -> 0.0029802869
A15: 11 | B15: =_xlfn.BINOM.DIST($A15,Inputs!$B$6,HLOOKUP(B$3,Inputs!$B$11:$F$12,2,FALSE),FALSE) -> 8.955765e-09 | C15: =_xlfn.BINOM.DIST($A15,Inputs!$B$6,HLOOKUP(C$3,Inputs!$B$11:$F$12,2,FALSE),FALSE) -> 6.1632843e-07 | D15: =_xlfn.BINOM.DIST($A15,Inputs!$B$6,HLOOKUP(D$3,Inputs!$B$11:$F$12,2,FALSE),FALSE) -> 1.145045e-05 | E15: =_xlfn.BINOM.DIST($A15,Inputs!$B$6,HLOOKUP(E$3,Inputs!$B$11:$F$12,2,FALSE),FALSE) -> 0.00010297168 | F15: =_xlfn.BINOM.DIST($A15,Inputs!$B$6,HLOOKUP(F$3,Inputs!$B$11:$F$12,2,FALSE),FALSE) -> 0.00058057538
... A19: 15 | B19: =_xlfn.BINOM.DIST($A19,Inputs!$B$6,HLOOKUP(B$3,Inputs!$B$11:$F$12,2,FALSE),FALSE) -> 1e-15 | C19: =_xlfn.BINOM.DIST($A19,Inputs!$B$6,HLOOKUP(C$3,Inputs!$B$11:$F$12,2,FALSE),FALSE) -> 4.3789389e-13 | D19: =_xlfn.BINOM.DIST($A19,Inputs!$B$6,HLOOKUP(D$3,Inputs!$B$11:$F$12,2,FALSE),FALSE) -> 3.2768e-11 | E19: =_xlfn.BINOM.DIST($A19,Inputs!$B$6,HLOOKUP(E$3,Inputs!$B$11:$F$12,2,FALSE),FALSE) -> 9.3132257e-10 | F19: =_xlfn.BINOM.DIST($A19,Inputs!$B$6,HLOOKUP(F$3,Inputs!$B$11:$F$12,2,FALSE),FALSE) -> 1.4348907e-08
A21: Check Sum | B21: =SUM(B4:B19) -> 1 | C21: =SUM(C4:C19) -> 1 | D21: =SUM(D4:D19) -> 1 | E21: =SUM(E4:E19) -> 1 | F21: =SUM(F4:F19) -> 1

Sheet Level Prob
A1: 各圖案 Level 獎勵機率
A3: Level | B3: Lower | C3: Upper | D3: B1 | E3: B2 | F3: B3 | G3: B4 | H3: B5
A4: L0 | B4: 0 | C4: =Inputs!$B$16-1 -> 4 | D4: =_xlfn.BINOM.DIST.RANGE(Inputs!$B$6,HLOOKUP(D$3,Inputs!$B$11:$F$12,2,FALSE),$B4,$C4) -> 0.98727952 | E4: =_xlfn.BINOM.DIST.RANGE(Inputs!$B$6,HLOOKUP(E$3,Inputs!$B$11:$F$12,2,FALSE),$B4,$C4) -> 0.93829461 | F4: =_xlfn.BINOM.DIST.RANGE(Inputs!$B$6,HLOOKUP(F$3,Inputs!$B$11:$F$12,2,FALSE),$B4,$C4) -> 0.83576628 | G4: =_xlfn.BINOM.DIST.RANGE(Inputs!$B$6,HLOOKUP(G$3,Inputs!$B$11:$F$12,2,FALSE),$B4,$C4) -> 0.68648594 | H4: =_xlfn.BINOM.DIST.RANGE(Inputs!$B$6,HLOOKUP(H$3,Inputs!$B$11:$F$12,2,FALSE),$B4,$C4) -> 0.51549106
A5: =Inputs!B15 -> L1 | B5: =Inputs!B16 -> 5 | C5: =Inputs!B17 -> 8 | D5: =_xlfn.BINOM.DIST.RANGE(Inputs!$B$6,HLOOKUP(D$3,Inputs!$B$11:$F$12,2,FALSE),$B5,$C5) -> 0.012717637 | E5: =_xlfn.BINOM.DIST.RANGE(Inputs!$B$6,HLOOKUP(E$3,Inputs!$B$11:$F$12,2,FALSE),$B5,$C5) -> 0.061624482 | F5: =_xlfn.BINOM.DIST.RANGE(Inputs!$B$6,HLOOKUP(F$3,Inputs!$B$11:$F$12,2,FALSE),$B5,$C5) -> 0.16344874 | G5: =_xlfn.BINOM.DIST.RANGE(Inputs!$B$6,HLOOKUP(G$3,Inputs!$B$11:$F$12,2,FALSE),$B5,$C5) -> 0.30932104 | H5: =_xlfn.BINOM.DIST.RANGE(Inputs!$B$6,HLOOKUP(H$3,Inputs!$B$11:$F$12,2,FALSE),$B5,$C5) -> 0.46926642
A6: =Inputs!C15 -> L2 | B6: =Inputs!C16 -> 9 | C6: =Inputs!C17 -> 11 | D6: =_xlfn.BINOM.DIST.RANGE(Inputs!$B$6,HLOOKUP(D$3,Inputs!$B$11:$F$12,2,FALSE),$B6,$C6) -> 2.8461421e-06 | E6: =_xlfn.BINOM.DIST.RANGE(Inputs!$B$6,HLOOKUP(E$3,Inputs!$B$11:$F$12,2,FALSE),$B6,$C6) -> 8.0866856e-05 | F6: =_xlfn.BINOM.DIST.RANGE(Inputs!$B$6,HLOOKUP(F$3,Inputs!$B$11:$F$12,2,FALSE),$B6,$C6) -> 0.00078397414 | G6: =_xlfn.BINOM.DIST.RANGE(Inputs!$B$6,HLOOKUP(G$3,Inputs!$B$11:$F$12,2,FALSE),$B6,$C6) -> 0.0041806502 | H6: =_xlfn.BINOM.DIST.RANGE(Inputs!$B$6,HLOOKUP(H$3,Inputs!$B$11:$F$12,2,FALSE),$B6,$C6) -> 0.015150867
A7: =Inputs!D15 -> L3 | B7: =Inputs!D16 -> 12 | C7: =Inputs!D17 -> 13 | D7: =_xlfn.BINOM.DIST.RANGE(Inputs!$B$6,HLOOKUP(D$3,Inputs!$B$11:$F$12,2,FALSE),$B7,$C7) -> 3.402e-10 | E7: =_xlfn.BINOM.DIST.RANGE(Inputs!$B$6,HLOOKUP(E$3,Inputs!$B$11:$F$12,2,FALSE),$B7,$C7) -> 3.7731046e-08 | F7: =_xlfn.BINOM.DIST.RANGE(Inputs!$B$6,HLOOKUP(F$3,Inputs!$B$11:$F$12,2,FALSE),$B7,$C7) -> 1.0092544e-06 | G7: =_xlfn.BINOM.DIST.RANGE(Inputs!$B$6,HLOOKUP(G$3,Inputs!$B$11:$F$12,2,FALSE),$B7,$C7) -> 1.2321398e-05 | H7: =_xlfn.BINOM.DIST.RANGE(Inputs!$B$6,HLOOKUP(H$3,Inputs!$B$11:$F$12,2,FALSE),$B7,$C7) -> 9.1142132e-05
A8: =Inputs!E15 -> L4 | B8: =Inputs!E16 -> 14 | C8: =Inputs!E17 -> 14 | D8: =_xlfn.BINOM.DIST.RANGE(Inputs!$B$6,HLOOKUP(D$3,Inputs!$B$11:$F$12,2,FALSE),$B8,$C8) -> 1.35e-13 | E8: =_xlfn.BINOM.DIST.RANGE(Inputs!$B$6,HLOOKUP(E$3,Inputs!$B$11:$F$12,2,FALSE),$B8,$C8) -> 3.7220981e-11 | F8: =_xlfn.BINOM.DIST.RANGE(Inputs!$B$6,HLOOKUP(F$3,Inputs!$B$11:$F$12,2,FALSE),$B8,$C8) -> 1.96608e-09 | G8: =_xlfn.BINOM.DIST.RANGE(Inputs!$B$6,HLOOKUP(G$3,Inputs!$B$11:$F$12,2,FALSE),$B8,$C8) -> 4.1909516e-08 | H8: =_xlfn.BINOM.DIST.RANGE(Inputs!$B$6,HLOOKUP(H$3,Inputs!$B$11:$F$12,2,FALSE),$B8,$C8) -> 5.0221175e-07
A9: =Inputs!F15 -> L5 | B9: =Inputs!F16 -> 15 | C9: =Inputs!F17 -> 15 | D9: =_xlfn.BINOM.DIST.RANGE(Inputs!$B$6,HLOOKUP(D$3,Inputs!$B$11:$F$12,2,FALSE),$B9,$C9) -> 1e-15 | E9: =_xlfn.BINOM.DIST.RANGE(Inputs!$B$6,HLOOKUP(E$3,Inputs!$B$11:$F$12,2,FALSE),$B9,$C9) -> 4.3789389e-13 | F9: =_xlfn.BINOM.DIST.RANGE(Inputs!$B$6,HLOOKUP(F$3,Inputs!$B$11:$F$12,2,FALSE),$B9,$C9) -> 3.2768e-11 | G9: =_xlfn.BINOM.DIST.RANGE(Inputs!$B$6,HLOOKUP(G$3,Inputs!$B$11:$F$12,2,FALSE),$B9,$C9) -> 9.3132257e-10 | H9: =_xlfn.BINOM.DIST.RANGE(Inputs!$B$6,HLOOKUP(H$3,Inputs!$B$11:$F$12,2,FALSE),$B9,$C9) -> 1.4348907e-08

Sheet Multi Round B1
A1: 多輪重開：B1 留下，非 B1 最多重開 5 輪
A3: 項目 | B3: 公式/值 | D3: 說明
A4: 單輪 B1 機率 p | B4: =Inputs!B12 -> 0.1 | D4: 引用 Inputs 的 B1 chance
A5: 重開輪數 r | B5: =Inputs!B7 -> 5 | D5: 引用 Inputs 的重開輪數
A6: 單格最終成功率 q | B6: =1-(1-B4)^B5 -> 0.40951 | D6: q = 1-(1-p)^r
A7: 箱子總數 n | B7: =Inputs!B6 -> 15 | D7: 引用 Inputs 的箱子總數
A8: 說明 | B8: 在本題簡化規則下，可先算單格 5 輪內至少一次開到 B1 的機率 q，再對 15 格跑二項分配。
A10: 簡化法：X ~ Binomial(15, q) | G10: 轉移矩陣 M[to,from]
A11: Final B1 個數 k | B11: 簡化法機率 | C11: 累積機率 | D11: Level | E11: 備註 | G11: To\From | H11: 0 | I11: 1 | J11: 2 | K11: 3 | L11: 4 | M11: 5 | N11: 6 | O11: 7 | P11: 8 | Q11: 9 | R11: 10 | S11: 11 | T11: 12 | U11: 13 | V11: 14 | W11: 15
A12: 0 | B12: =_xlfn.BINOM.DIST(A12,$B$7,$B$6,FALSE) -> 0.00036998849 | C12: =_xlfn.BINOM.DIST(A12,$B$7,$B$6,TRUE) -> 0.00036998849 | D12: =IF(A12>=15,"L5",IF(A12>=14,"L4",IF(A12>=12,"L3",IF(A12>=9,"L2",IF(A12>=5,"L1","-"))))) -> - | G12: 0 | H12: =IF($G12<H$11,0,_xlfn.BINOM.DIST($G12-H$11,Inputs!$B$6-H$11,$B$4,FALSE)) -> 0.20589113 | I12: =IF($G12<I$11,0,_xlfn.BINOM.DIST($G12-I$11,Inputs!$B$6-I$11,$B$4,FALSE)) -> 0 | J12: =IF($G12<J$11,0,_xlfn.BINOM.DIST($G12-J$11,Inputs!$B$6-J$11,$B$4,FALSE)) -> 0 | K12: =IF($G12<K$11,0,_xlfn.BINOM.DIST($G12-K$11,Inputs!$B$6-K$11,$B$4,FALSE)) -> 0 | L12: =IF($G12<L$11,0,_xlfn.BINOM.DIST($G12-L$11,Inputs!$B$6-L$11,$B$4,FALSE)) -> 0 | M12: =IF($G12<M$11,0,_xlfn.BINOM.DIST($G12-M$11,Inputs!$B$6-M$11,$B$4,FALSE)) -> 0 | N12: =IF($G12<N$11,0,_xlfn.BINOM.DIST($G12-N$11,Inputs!$B$6-N$11,$B$4,FALSE)) -> 0 | O12: =IF($G12<O$11,0,_xlfn.BINOM.DIST($G12-O$11,Inputs!$B$6-O$11,$B$4,FALSE)) -> 0 | ... W12: =IF($G12<W$11,0,_xlfn.BINOM.DIST($G12-W$11,Inputs!$B$6-W$11,$B$4,FALSE)) -> 0
A13: 1 | B13: =_xlfn.BINOM.DIST(A13,$B$7,$B$6,FALSE) -> 0.0038488539 | C13: =_xlfn.BINOM.DIST(A13,$B$7,$B$6,TRUE) -> 0.0042188424 | D13: =IF(A13>=15,"L5",IF(A13>=14,"L4",IF(A13>=12,"L3",IF(A13>=9,"L2",IF(A13>=5,"L1","-"))))) -> - | G13: 1 | H13: =IF($G13<H$11,0,_xlfn.BINOM.DIST($G13-H$11,Inputs!$B$6-H$11,$B$4,FALSE)) -> 0.34315189 | I13: =IF($G13<I$11,0,_xlfn.BINOM.DIST($G13-I$11,Inputs!$B$6-I$11,$B$4,FALSE)) -> 0.22876792 | J13: =IF($G13<J$11,0,_xlfn.BINOM.DIST($G13-J$11,Inputs!$B$6-J$11,$B$4,FALSE)) -> 0 | K13: =IF($G13<K$11,0,_xlfn.BINOM.DIST($G13-K$11,Inputs!$B$6-K$11,$B$4,FALSE)) -> 0 | L13: =IF($G13<L$11,0,_xlfn.BINOM.DIST($G13-L$11,Inputs!$B$6-L$11,$B$4,FALSE)) -> 0 | M13: =IF($G13<M$11,0,_xlfn.BINOM.DIST($G13-M$11,Inputs!$B$6-M$11,$B$4,FALSE)) -> 0 | N13: =IF($G13<N$11,0,_xlfn.BINOM.DIST($G13-N$11,Inputs!$B$6-N$11,$B$4,FALSE)) -> 0 | O13: =IF($G13<O$11,0,_xlfn.BINOM.DIST($G13-O$11,Inputs!$B$6-O$11,$B$4,FALSE)) -> 0 | ... W13: =IF($G13<W$11,0,_xlfn.BINOM.DIST($G13-W$11,Inputs!$B$6-W$11,$B$4,FALSE)) -> 0
A14: 2 | B14: =_xlfn.BINOM.DIST(A14,$B$7,$B$6,FALSE) -> 0.018684498 | C14: =_xlfn.BINOM.DIST(A14,$B$7,$B$6,TRUE) -> 0.02290334 | D14: =IF(A14>=15,"L5",IF(A14>=14,"L4",IF(A14>=12,"L3",IF(A14>=9,"L2",IF(A14>=5,"L1","-"))))) -> - | G14: 2 | H14: =IF($G14<H$11,0,_xlfn.BINOM.DIST($G14-H$11,Inputs!$B$6-H$11,$B$4,FALSE)) -> 0.26689591 | I14: =IF($G14<I$11,0,_xlfn.BINOM.DIST($G14-I$11,Inputs!$B$6-I$11,$B$4,FALSE)) -> 0.35586122 | J14: =IF($G14<J$11,0,_xlfn.BINOM.DIST($G14-J$11,Inputs!$B$6-J$11,$B$4,FALSE)) -> 0.25418658 | K14: =IF($G14<K$11,0,_xlfn.BINOM.DIST($G14-K$11,Inputs!$B$6-K$11,$B$4,FALSE)) -> 0 | L14: =IF($G14<L$11,0,_xlfn.BINOM.DIST($G14-L$11,Inputs!$B$6-L$11,$B$4,FALSE)) -> 0 | M14: =IF($G14<M$11,0,_xlfn.BINOM.DIST($G14-M$11,Inputs!$B$6-M$11,$B$4,FALSE)) -> 0 | N14: =IF($G14<N$11,0,_xlfn.BINOM.DIST($G14-N$11,Inputs!$B$6-N$11,$B$4,FALSE)) -> 0 | O14: =IF($G14<O$11,0,_xlfn.BINOM.DIST($G14-O$11,Inputs!$B$6-O$11,$B$4,FALSE)) -> 0 | ... W14: =IF($G14<W$11,0,_xlfn.BINOM.DIST($G14-W$11,Inputs!$B$6-W$11,$B$4,FALSE)) -> 0
A15: 3 | B15: =_xlfn.BINOM.DIST(A15,$B$7,$B$6,FALSE) -> 0.056150742 | C15: =_xlfn.BINOM.DIST(A15,$B$7,$B$6,TRUE) -> 0.079054082 | D15: =IF(A15>=15,"L5",IF(A15>=14,"L4",IF(A15>=12,"L3",IF(A15>=9,"L2",IF(A15>=5,"L1","-"))))) -> - | G15: 3 | H15: =IF($G15<H$11,0,_xlfn.BINOM.DIST($G15-H$11,Inputs!$B$6-H$11,$B$4,FALSE)) -> 0.12850544 | I15: =IF($G15<I$11,0,_xlfn.BINOM.DIST($G15-I$11,Inputs!$B$6-I$11,$B$4,FALSE)) -> 0.25701088 | J15: =IF($G15<J$11,0,_xlfn.BINOM.DIST($G15-J$11,Inputs!$B$6-J$11,$B$4,FALSE)) -> 0.3671584 | K15: =IF($G15<K$11,0,_xlfn.BINOM.DIST($G15-K$11,Inputs!$B$6-K$11,$B$4,FALSE)) -> 0.28242954 | L15: =IF($G15<L$11,0,_xlfn.BINOM.DIST($G15-L$11,Inputs!$B$6-L$11,$B$4,FALSE)) -> 0 | M15: =IF($G15<M$11,0,_xlfn.BINOM.DIST($G15-M$11,Inputs!$B$6-M$11,$B$4,FALSE)) -> 0 | N15: =IF($G15<N$11,0,_xlfn.BINOM.DIST($G15-N$11,Inputs!$B$6-N$11,$B$4,FALSE)) -> 0 | O15: =IF($G15<O$11,0,_xlfn.BINOM.DIST($G15-O$11,Inputs!$B$6-O$11,$B$4,FALSE)) -> 0 | ... W15: =IF($G15<W$11,0,_xlfn.BINOM.DIST($G15-W$11,Inputs!$B$6-W$11,$B$4,FALSE)) -> 0
A16: 4 | B16: =_xlfn.BINOM.DIST(A16,$B$7,$B$6,FALSE) -> 0.1168231 | C16: =_xlfn.BINOM.DIST(A16,$B$7,$B$6,TRUE) -> 0.19587718 | D16: =IF(A16>=15,"L5",IF(A16>=14,"L4",IF(A16>=12,"L3",IF(A16>=9,"L2",IF(A16>=5,"L1","-"))))) -> - | G16: 4 | H16: =IF($G16<H$11,0,_xlfn.BINOM.DIST($G16-H$11,Inputs!$B$6-H$11,$B$4,FALSE)) -> 0.042835146 | I16: =IF($G16<I$11,0,_xlfn.BINOM.DIST($G16-I$11,Inputs!$B$6-I$11,$B$4,FALSE)) -> 0.11422706 | J16: =IF($G16<J$11,0,_xlfn.BINOM.DIST($G16-J$11,Inputs!$B$6-J$11,$B$4,FALSE)) -> 0.24477226 | K16: =IF($G16<K$11,0,_xlfn.BINOM.DIST($G16-K$11,Inputs!$B$6-K$11,$B$4,FALSE)) -> 0.37657272 | L16: =IF($G16<L$11,0,_xlfn.BINOM.DIST($G16-L$11,Inputs!$B$6-L$11,$B$4,FALSE)) -> 0.3138106 | M16: =IF($G16<M$11,0,_xlfn.BINOM.DIST($G16-M$11,Inputs!$B$6-M$11,$B$4,FALSE)) -> 0 | N16: =IF($G16<N$11,0,_xlfn.BINOM.DIST($G16-N$11,Inputs!$B$6-N$11,$B$4,FALSE)) -> 0 | O16: =IF($G16<O$11,0,_xlfn.BINOM.DIST($G16-O$11,Inputs!$B$6-O$11,$B$4,FALSE)) -> 0 | ... W16: =IF($G16<W$11,0,_xlfn.BINOM.DIST($G16-W$11,Inputs!$B$6-W$11,$B$4,FALSE)) -> 0
A17: 5 | B17: =_xlfn.BINOM.DIST(A17,$B$7,$B$6,FALSE) -> 0.17823926 | C17: =_xlfn.BINOM.DIST(A17,$B$7,$B$6,TRUE) -> 0.37411644 | D17: =IF(A17>=15,"L5",IF(A17>=14,"L4",IF(A17>=12,"L3",IF(A17>=9,"L2",IF(A17>=5,"L1","-"))))) -> L1 | G17: 5 | H17: =IF($G17<H$11,0,_xlfn.BINOM.DIST($G17-H$11,Inputs!$B$6-H$11,$B$4,FALSE)) -> 0.010470814 | I17: =IF($G17<I$11,0,_xlfn.BINOM.DIST($G17-I$11,Inputs!$B$6-I$11,$B$4,FALSE)) -> 0.034902712 | J17: =IF($G17<J$11,0,_xlfn.BINOM.DIST($G17-J$11,Inputs!$B$6-J$11,$B$4,FALSE)) -> 0.099722034 | K17: =IF($G17<K$11,0,_xlfn.BINOM.DIST($G17-K$11,Inputs!$B$6-K$11,$B$4,FALSE)) -> 0.23012777 | L17: =IF($G17<L$11,0,_xlfn.BINOM.DIST($G17-L$11,Inputs!$B$6-L$11,$B$4,FALSE)) -> 0.38354628 | M17: =IF($G17<M$11,0,_xlfn.BINOM.DIST($G17-M$11,Inputs!$B$6-M$11,$B$4,FALSE)) -> 0.34867844 | N17: =IF($G17<N$11,0,_xlfn.BINOM.DIST($G17-N$11,Inputs!$B$6-N$11,$B$4,FALSE)) -> 0 | O17: =IF($G17<O$11,0,_xlfn.BINOM.DIST($G17-O$11,Inputs!$B$6-O$11,$B$4,FALSE)) -> 0 | ... W17: =IF($G17<W$11,0,_xlfn.BINOM.DIST($G17-W$11,Inputs!$B$6-W$11,$B$4,FALSE)) -> 0
A18: 6 | B18: =_xlfn.BINOM.DIST(A18,$B$7,$B$6,FALSE) -> 0.20601748 | C18: =_xlfn.BINOM.DIST(A18,$B$7,$B$6,TRUE) -> 0.58013392 | D18: =IF(A18>=15,"L5",IF(A18>=14,"L4",IF(A18>=12,"L3",IF(A18>=9,"L2",IF(A18>=5,"L1","-"))))) -> L1 | G18: 6 | H18: =IF($G18<H$11,0,_xlfn.BINOM.DIST($G18-H$11,Inputs!$B$6-H$11,$B$4,FALSE)) -> 0.0019390395 | I18: =IF($G18<I$11,0,_xlfn.BINOM.DIST($G18-I$11,Inputs!$B$6-I$11,$B$4,FALSE)) -> 0.0077561582 | J18: =IF($G18<J$11,0,_xlfn.BINOM.DIST($G18-J$11,Inputs!$B$6-J$11,$B$4,FALSE)) -> 0.027700565 | K18: =IF($G18<K$11,0,_xlfn.BINOM.DIST($G18-K$11,Inputs!$B$6-K$11,$B$4,FALSE)) -> 0.085232508 | L18: =IF($G18<L$11,0,_xlfn.BINOM.DIST($G18-L$11,Inputs!$B$6-L$11,$B$4,FALSE)) -> 0.21308127 | M18: =IF($G18<M$11,0,_xlfn.BINOM.DIST($G18-M$11,Inputs!$B$6-M$11,$B$4,FALSE)) -> 0.38742049 | N18: =IF($G18<N$11,0,_xlfn.BINOM.DIST($G18-N$11,Inputs!$B$6-N$11,$B$4,FALSE)) -> 0.38742049 | O18: =IF($G18<O$11,0,_xlfn.BINOM.DIST($G18-O$11,Inputs!$B$6-O$11,$B$4,FALSE)) -> 0 | ... W18: =IF($G18<W$11,0,_xlfn.BINOM.DIST($G18-W$11,Inputs!$B$6-W$11,$B$4,FALSE)) -> 0
A19: 7 | B19: =_xlfn.BINOM.DIST(A19,$B$7,$B$6,FALSE) -> 0.18369634 | C19: =_xlfn.BINOM.DIST(A19,$B$7,$B$6,TRUE) -> 0.76383026 | D19: =IF(A19>=15,"L5",IF(A19>=14,"L4",IF(A19>=12,"L3",IF(A19>=9,"L2",IF(A19>=5,"L1","-"))))) -> L1 | G19: 7 | H19: =IF($G19<H$11,0,_xlfn.BINOM.DIST($G19-H$11,Inputs!$B$6-H$11,$B$4,FALSE)) -> 0.00027700565 | I19: =IF($G19<I$11,0,_xlfn.BINOM.DIST($G19-I$11,Inputs!$B$6-I$11,$B$4,FALSE)) -> 0.001292693 | J19: =IF($G19<J$11,0,_xlfn.BINOM.DIST($G19-J$11,Inputs!$B$6-J$11,$B$4,FALSE)) -> 0.005540113 | K19: =IF($G19<K$11,0,_xlfn.BINOM.DIST($G19-K$11,Inputs!$B$6-K$11,$B$4,FALSE)) -> 0.021308127 | L19: =IF($G19<L$11,0,_xlfn.BINOM.DIST($G19-L$11,Inputs!$B$6-L$11,$B$4,FALSE)) -> 0.07102709 | M19: =IF($G19<M$11,0,_xlfn.BINOM.DIST($G19-M$11,Inputs!$B$6-M$11,$B$4,FALSE)) -> 0.19371024 | N19: =IF($G19<N$11,0,_xlfn.BINOM.DIST($G19-N$11,Inputs!$B$6-N$11,$B$4,FALSE)) -> 0.38742049 | O19: =IF($G19<O$11,0,_xlfn.BINOM.DIST($G19-O$11,Inputs!$B$6-O$11,$B$4,FALSE)) -> 0.43046721 | ... W19: =IF($G19<W$11,0,_xlfn.BINOM.DIST($G19-W$11,Inputs!$B$6-W$11,$B$4,FALSE)) -> 0
A20: 8 | B20: =_xlfn.BINOM.DIST(A20,$B$7,$B$6,FALSE) -> 0.12739503 | C20: =_xlfn.BINOM.DIST(A20,$B$7,$B$6,TRUE) -> 0.89122529 | D20: =IF(A20>=15,"L5",IF(A20>=14,"L4",IF(A20>=12,"L3",IF(A20>=9,"L2",IF(A20>=5,"L1","-"))))) -> L1 | G20: 8 | H20: =IF($G20<H$11,0,_xlfn.BINOM.DIST($G20-H$11,Inputs!$B$6-H$11,$B$4,FALSE)) -> 3.0778406e-05 | I20: =IF($G20<I$11,0,_xlfn.BINOM.DIST($G20-I$11,Inputs!$B$6-I$11,$B$4,FALSE)) -> 0.0001641515 | J20: =IF($G20<J$11,0,_xlfn.BINOM.DIST($G20-J$11,Inputs!$B$6-J$11,$B$4,FALSE)) -> 0.00082075748 | K20: =IF($G20<K$11,0,_xlfn.BINOM.DIST($G20-K$11,Inputs!$B$6-K$11,$B$4,FALSE)) -> 0.0037881114 | L20: =IF($G20<L$11,0,_xlfn.BINOM.DIST($G20-L$11,Inputs!$B$6-L$11,$B$4,FALSE)) -> 0.015783798 | M20: =IF($G20<M$11,0,_xlfn.BINOM.DIST($G20-M$11,Inputs!$B$6-M$11,$B$4,FALSE)) -> 0.057395628 | N20: =IF($G20<N$11,0,_xlfn.BINOM.DIST($G20-N$11,Inputs!$B$6-N$11,$B$4,FALSE)) -> 0.17218688 | O20: =IF($G20<O$11,0,_xlfn.BINOM.DIST($G20-O$11,Inputs!$B$6-O$11,$B$4,FALSE)) -> 0.38263752 | ... W20: =IF($G20<W$11,0,_xlfn.BINOM.DIST($G20-W$11,Inputs!$B$6-W$11,$B$4,FALSE)) -> 0
A21: 9 | B21: =_xlfn.BINOM.DIST(A21,$B$7,$B$6,FALSE) -> 0.068716332 | C21: =_xlfn.BINOM.DIST(A21,$B$7,$B$6,TRUE) -> 0.95994162 | D21: =IF(A21>=15,"L5",IF(A21>=14,"L4",IF(A21>=12,"L3",IF(A21>=9,"L2",IF(A21>=5,"L1","-"))))) -> L2 | G21: 9 | H21: =IF($G21<H$11,0,_xlfn.BINOM.DIST($G21-H$11,Inputs!$B$6-H$11,$B$4,FALSE)) -> 2.6598622e-06 | I21: =IF($G21<I$11,0,_xlfn.BINOM.DIST($G21-I$11,Inputs!$B$6-I$11,$B$4,FALSE)) -> 1.5959173e-05 | J21: =IF($G21<J$11,0,_xlfn.BINOM.DIST($G21-J$11,Inputs!$B$6-J$11,$B$4,FALSE)) -> 9.1195276e-05 | K21: =IF($G21<K$11,0,_xlfn.BINOM.DIST($G21-K$11,Inputs!$B$6-K$11,$B$4,FALSE)) -> 0.00049105148 | L21: =IF($G21<L$11,0,_xlfn.BINOM.DIST($G21-L$11,Inputs!$B$6-L$11,$B$4,FALSE)) -> 0.0024552574 | M21: =IF($G21<M$11,0,_xlfn.BINOM.DIST($G21-M$11,Inputs!$B$6-M$11,$B$4,FALSE)) -> 0.011160261 | N21: =IF($G21<N$11,0,_xlfn.BINOM.DIST($G21-N$11,Inputs!$B$6-N$11,$B$4,FALSE)) -> 0.044641044 | O21: =IF($G21<O$11,0,_xlfn.BINOM.DIST($G21-O$11,Inputs!$B$6-O$11,$B$4,FALSE)) -> 0.14880348 | ... W21: =IF($G21<W$11,0,_xlfn.BINOM.DIST($G21-W$11,Inputs!$B$6-W$11,$B$4,FALSE)) -> 0
A22: 10 | B22: =_xlfn.BINOM.DIST(A22,$B$7,$B$6,FALSE) -> 0.028593228 | C22: =_xlfn.BINOM.DIST(A22,$B$7,$B$6,TRUE) -> 0.98853485 | D22: =IF(A22>=15,"L5",IF(A22>=14,"L4",IF(A22>=12,"L3",IF(A22>=9,"L2",IF(A22>=5,"L1","-"))))) -> L2 | G22: 10 | H22: =IF($G22<H$11,0,_xlfn.BINOM.DIST($G22-H$11,Inputs!$B$6-H$11,$B$4,FALSE)) -> 1.7732415e-07 | I22: =IF($G22<I$11,0,_xlfn.BINOM.DIST($G22-I$11,Inputs!$B$6-I$11,$B$4,FALSE)) -> 1.182161e-06 | J22: =IF($G22<J$11,0,_xlfn.BINOM.DIST($G22-J$11,Inputs!$B$6-J$11,$B$4,FALSE)) -> 7.5996063e-06 | K22: =IF($G22<K$11,0,_xlfn.BINOM.DIST($G22-K$11,Inputs!$B$6-K$11,$B$4,FALSE)) -> 4.6766808e-05 | L22: =IF($G22<L$11,0,_xlfn.BINOM.DIST($G22-L$11,Inputs!$B$6-L$11,$B$4,FALSE)) -> 0.00027280638 | M22: =IF($G22<M$11,0,_xlfn.BINOM.DIST($G22-M$11,Inputs!$B$6-M$11,$B$4,FALSE)) -> 0.0014880348 | N22: =IF($G22<N$11,0,_xlfn.BINOM.DIST($G22-N$11,Inputs!$B$6-N$11,$B$4,FALSE)) -> 0.007440174 | O22: =IF($G22<O$11,0,_xlfn.BINOM.DIST($G22-O$11,Inputs!$B$6-O$11,$B$4,FALSE)) -> 0.03306744 | ... W22: =IF($G22<W$11,0,_xlfn.BINOM.DIST($G22-W$11,Inputs!$B$6-W$11,$B$4,FALSE)) -> 0
A23: 11 | B23: =_xlfn.BINOM.DIST(A23,$B$7,$B$6,FALSE) -> 0.0090134793 | C23: =_xlfn.BINOM.DIST(A23,$B$7,$B$6,TRUE) -> 0.99754833 | D23: =IF(A23>=15,"L5",IF(A23>=14,"L4",IF(A23>=12,"L3",IF(A23>=9,"L2",IF(A23>=5,"L1","-"))))) -> L2 | G23: 11 | H23: =IF($G23<H$11,0,_xlfn.BINOM.DIST($G23-H$11,Inputs!$B$6-H$11,$B$4,FALSE)) -> 8.955765e-09 | I23: =IF($G23<I$11,0,_xlfn.BINOM.DIST($G23-I$11,Inputs!$B$6-I$11,$B$4,FALSE)) -> 6.567561e-08 | J23: =IF($G23<J$11,0,_xlfn.BINOM.DIST($G23-J$11,Inputs!$B$6-J$11,$B$4,FALSE)) -> 4.691115e-07 | K23: =IF($G23<K$11,0,_xlfn.BINOM.DIST($G23-K$11,Inputs!$B$6-K$11,$B$4,FALSE)) -> 3.247695e-06 | L23: =IF($G23<L$11,0,_xlfn.BINOM.DIST($G23-L$11,Inputs!$B$6-L$11,$B$4,FALSE)) -> 2.16513e-05 | M23: =IF($G23<M$11,0,_xlfn.BINOM.DIST($G23-M$11,Inputs!$B$6-M$11,$B$4,FALSE)) -> 0.000137781 | N23: =IF($G23<N$11,0,_xlfn.BINOM.DIST($G23-N$11,Inputs!$B$6-N$11,$B$4,FALSE)) -> 0.000826686 | O23: =IF($G23<O$11,0,_xlfn.BINOM.DIST($G23-O$11,Inputs!$B$6-O$11,$B$4,FALSE)) -> 0.0045927 | ... W23: =IF($G23<W$11,0,_xlfn.BINOM.DIST($G23-W$11,Inputs!$B$6-W$11,$B$4,FALSE)) -> 0
... A27: 15 | B27: =_xlfn.BINOM.DIST(A27,$B$7,$B$6,FALSE) -> 1.5274524e-06 | C27: =_xlfn.BINOM.DIST(A27,$B$7,$B$6,TRUE) -> 1 | D27: =IF(A27>=15,"L5",IF(A27>=14,"L4",IF(A27>=12,"L3",IF(A27>=9,"L2",IF(A27>=5,"L1","-"))))) -> L5 | G27: 15 | H27: =IF($G27<H$11,0,_xlfn.BINOM.DIST($G27-H$11,Inputs!$B$6-H$11,$B$4,FALSE)) -> 1e-15 | I27: =IF($G27<I$11,0,_xlfn.BINOM.DIST($G27-I$11,Inputs!$B$6-I$11,$B$4,FALSE)) -> 1e-14 | J27: =IF($G27<J$11,0,_xlfn.BINOM.DIST($G27-J$11,Inputs!$B$6-J$11,$B$4,FALSE)) -> 1e-13 | K27: =IF($G27<K$11,0,_xlfn.BINOM.DIST($G27-K$11,Inputs!$B$6-K$11,$B$4,FALSE)) -> 1e-12 | L27: =IF($G27<L$11,0,_xlfn.BINOM.DIST($G27-L$11,Inputs!$B$6-L$11,$B$4,FALSE)) -> 1e-11 | M27: =IF($G27<M$11,0,_xlfn.BINOM.DIST($G27-M$11,Inputs!$B$6-M$11,$B$4,FALSE)) -> 1e-10 | N27: =IF($G27<N$11,0,_xlfn.BINOM.DIST($G27-N$11,Inputs!$B$6-N$11,$B$4,FALSE)) -> 1e-09 | O27: =IF($G27<O$11,0,_xlfn.BINOM.DIST($G27-O$11,Inputs!$B$6-O$11,$B$4,FALSE)) -> 1e-08 | ... W27: =IF($G27<W$11,0,_xlfn.BINOM.DIST($G27-W$11,Inputs!$B$6-W$11,$B$4,FALSE)) -> 1
A30: 簡化法 vs 矩陣法檢查 | G30: 矩陣法：各輪結束後 B1 個數分布
A31: k | B31: 簡化法 | C31: 矩陣法 Round 5 | D31: 差異 | E31: Check | G31: Final k | H31: Round 0 | I31: Round 1 | J31: Round 2 | K31: Round 3 | L31: Round 4 | M31: Round 5
A32: 0 | B32: =B12 -> 0.00036998849 | C32: =M32 -> 0.00036998849 | D32: =B32-C32 -> 1.6263033e-18 | E32: =IF(ABS(D32)<0.0000001,"OK","Check") -> OK | G32: 0 | H32: =IF($G32=0,1,0) -> 1 | I32: =MMULT($H12:$W12,H$32:H$47) -> 0.20589113 | J32: =MMULT($H12:$W12,I$32:I$47) -> 0.042391158 | K32: =MMULT($H12:$W12,J$32:J$47) -> 0.0087279636 | L32: =MMULT($H12:$W12,K$32:K$47) -> 0.0017970103 | M32: =MMULT($H12:$W12,L$32:L$47) -> 0.00036998849
A33: 1 | B33: =B13 -> 0.0038488539 | C33: =M33 -> 0.0038488539 | D33: =B33-C33 -> 1.8214596e-17 | E33: =IF(ABS(D33)<0.0000001,"OK","Check") -> OK | G33: 1 | H33: =IF($G33=0,1,0) -> 0 | I33: =MMULT($H13:$W13,H$32:H$47) -> 0.34315189 | J33: =MMULT($H13:$W13,I$32:I$47) -> 0.14915408 | K33: =MMULT($H13:$W13,J$32:J$47) -> 0.048668274 | L33: =MMULT($H13:$W13,K$32:K$47) -> 0.014128757 | M33: =MMULT($H13:$W13,L$32:L$47) -> 0.0038488539
A34: 2 | B34: =B14 -> 0.018684498 | C34: =M34 -> 0.018684498 | D34: =B34-C34 -> 6.9388939e-17 | E34: =IF(ABS(D34)<0.0000001,"OK","Check") -> OK | G34: 2 | H34: =IF($G34=0,1,0) -> 0 | I34: =MMULT($H14:$W14,H$32:H$47) -> 0.26689591 | J34: =MMULT($H14:$W14,I$32:I$47) -> 0.24490731 | K34: =MMULT($H14:$W14,J$32:J$47) -> 0.12664433 | L34: =MMULT($H14:$W14,K$32:K$47) -> 0.051839898 | M34: =MMULT($H14:$W14,L$32:L$47) -> 0.018684498
A35: 3 | B35: =B15 -> 0.056150742 | C35: =M35 -> 0.056150742 | D35: =B35-C35 -> 1.4571677e-16 | E35: =IF(ABS(D35)<0.0000001,"OK","Check") -> OK | G35: 3 | H35: =IF($G35=0,1,0) -> 0 | I35: =MMULT($H15:$W15,H$32:H$47) -> 0.12850544 | J35: =MMULT($H15:$W15,I$32:I$47) -> 0.24893871 | K35: =MMULT($H15:$W15,J$32:J$47) -> 0.20400913 | L35: =MMULT($H15:$W15,K$32:K$47) -> 0.1177466 | M35: =MMULT($H15:$W15,L$32:L$47) -> 0.056150742
A36: 4 | B36: =B16 -> 0.1168231 | C36: =M36 -> 0.1168231 | D36: =B36-C36 -> 1.9428903e-16 | E36: =IF(ABS(D36)<0.0000001,"OK","Check") -> OK | G36: 4 | H36: =IF($G36=0,1,0) -> 0 | I36: =MMULT($H16:$W16,H$32:H$47) -> 0.042835146 | J36: =MMULT($H16:$W16,I$32:I$47) -> 0.17517909 | K36: =MMULT($H16:$W16,J$32:J$47) -> 0.22751636 | L36: =MMULT($H16:$W16,K$32:K$47) -> 0.18515343 | M36: =MMULT($H16:$W16,L$32:L$47) -> 0.1168231
A37: 5 | B37: =B17 -> 0.17823926 | C37: =M37 -> 0.17823926 | D37: =B37-C37 -> 0 | E37: =IF(ABS(D37)<0.0000001,"OK","Check") -> OK | G37: 5 | H37: =IF($G37=0,1,0) -> 0 | I37: =MMULT($H17:$W17,H$32:H$47) -> 0.010470814 | J37: =MMULT($H17:$W17,I$32:I$47) -> 0.090401061 | K37: =MMULT($H17:$W17,J$32:J$47) -> 0.18607031 | L37: =MMULT($H17:$W17,K$32:K$47) -> 0.2135092 | M37: =MMULT($H17:$W17,L$32:L$47) -> 0.17823926
A38: 6 | B38: =B18 -> 0.20601748 | C38: =M38 -> 0.20601748 | D38: =B38-C38 -> 0 | E38: =IF(ABS(D38)<0.0000001,"OK","Check") -> OK | G38: 6 | H38: =IF($G38=0,1,0) -> 0 | I38: =MMULT($H18:$W18,H$32:H$47) -> 0.0019390395 | J38: =MMULT($H18:$W18,I$32:I$47) -> 0.035341978 | K38: =MMULT($H18:$W18,J$32:J$47) -> 0.11528361 | L38: =MMULT($H18:$W18,K$32:K$47) -> 0.18652089 | M38: =MMULT($H18:$W18,L$32:L$47) -> 0.20601748
A39: 7 | B39: =B19 -> 0.18369634 | C39: =M39 -> 0.18369634 | D39: =B39-C39 -> 0 | E39: =IF(ABS(D39)<0.0000001,"OK","Check") -> OK | G39: 7 | H39: =IF($G39=0,1,0) -> 0 | I39: =MMULT($H19:$W19,H$32:H$47) -> 0.00027700565 | J39: =MMULT($H19:$W19,I$32:I$47) -> 0.010658692 | K39: =MMULT($H19:$W19,J$32:J$47) -> 0.055100281 | L39: =MMULT($H19:$W19,K$32:K$47) -> 0.12569965 | M39: =MMULT($H19:$W19,L$32:L$47) -> 0.18369634
A40: 8 | B40: =B20 -> 0.12739503 | C40: =M40 -> 0.12739503 | D40: =B40-C40 -> 0 | E40: =IF(ABS(D40)<0.0000001,"OK","Check") -> OK | G40: 8 | H40: =IF($G40=0,1,0) -> 0 | I40: =MMULT($H20:$W20,H$32:H$47) -> 3.0778406e-05 | J40: =MMULT($H20:$W20,I$32:I$47) -> 0.002500187 | K40: =MMULT($H20:$W20,J$32:J$47) -> 0.020483095 | L40: =MMULT($H20:$W20,K$32:K$47) -> 0.065886467 | M40: =MMULT($H20:$W20,L$32:L$47) -> 0.12739503
A41: 9 | B41: =B21 -> 0.068716332 | C41: =M41 -> 0.068716332 | D41: =B41-C41 -> -1.2490009e-16 | E41: =IF(ABS(D41)<0.0000001,"OK","Check") -> OK | G41: 9 | H41: =IF($G41=0,1,0) -> 0 | I41: =MMULT($H21:$W21,H$32:H$47) -> 2.6598622e-06 | J41: =MMULT($H21:$W21,I$32:I$47) -> 0.00045613837 | K41: =MMULT($H21:$W21,J$32:J$47) -> 0.0059223336 | L41: =MMULT($H21:$W21,K$32:K$47) -> 0.026860488 | M41: =MMULT($H21:$W21,L$32:L$47) -> 0.068716332
A42: 10 | B42: =B22 -> 0.028593228 | C42: =M42 -> 0.028593228 | D42: =B42-C42 -> -7.2858386e-17 | E42: =IF(ABS(D42)<0.0000001,"OK","Check") -> OK | G42: 10 | H42: =IF($G42=0,1,0) -> 0 | I42: =MMULT($H22:$W22,H$32:H$47) -> 1.7732415e-07 | J42: =MMULT($H22:$W22,I$32:I$47) -> 6.4197252e-05 | K42: =MMULT($H22:$W22,J$32:J$47) -> 0.0013209485 | L42: =MMULT($H22:$W22,K$32:K$47) -> 0.0084474821 | M42: =MMULT($H22:$W22,L$32:L$47) -> 0.028593228
A43: 11 | B43: =B23 -> 0.0090134793 | C43: =M43 -> 0.0090134793 | D43: =B43-C43 -> -4.1633363e-17 | E43: =IF(ABS(D43)<0.0000001,"OK","Check") -> OK | G43: 11 | H43: =IF($G43=0,1,0) -> 0 | I43: =MMULT($H23:$W23,H$32:H$47) -> 8.955765e-09 | J43: =MMULT($H23:$W23,I$32:I$47) -> 6.8448248e-06 | K43: =MMULT($H23:$W23,J$32:J$47) -> 0.00022320554 | L43: =MMULT($H23:$W23,K$32:K$47) -> 0.002012643 | M43: =MMULT($H23:$W23,L$32:L$47) -> 0.0090134793
... A47: 15 | B47: =B27 -> 1.5274524e-06 | C47: =M47 -> 1.5274524e-06 | D47: =B47-C47 -> -1.3129011e-20 | E47: =IF(ABS(D47)<0.0000001,"OK","Check") -> OK | G47: 15 | H47: =IF($G47=0,1,0) -> 0 | I47: =MMULT($H27:$W27,H$32:H$47) -> 1e-15 | J47: =MMULT($H27:$W27,I$32:I$47) -> 1.5181127e-11 | K47: =MMULT($H27:$W27,J$32:J$47) -> 3.1227654e-09 | L47: =MMULT($H27:$W27,K$32:K$47) -> 1.1129679e-07 | M47: =MMULT($H27:$W27,L$32:L$47) -> 1.5274524e-06

Sheet Notes
A1: 公式說明
A3: 二項分配 | B3: 固定 n 次獨立試驗，每次成功機率 p，計算成功 k 次的機率。
A4: 單輪圖案個數 | B4: 對任一圖案 Bi，把開到 Bi 視為成功，未開到 Bi 視為失敗，即可用 BINOM.DIST。
A5: Level 機率 | B5: Level 通常是個數區間，因此用 BINOM.DIST.RANGE 直接計算 lower 到 upper 的機率。
A6: 圖案間關聯 | B6: 同一個箱子只能開出一種圖案，因此 B1~B5 的個數不是互相獨立；不能把各圖案剛好 k 個的二項機率直接相乘。
A7: 多輪簡化 | B7: 若每格獨立、成功後保留、失敗才重開且每輪成功率固定，單格最終成功率 q = 1-(1-p)^r。
A8: 多輪最終分布 | B8: 更通用的做法是把目前已收集 j 個 B1 視為來源狀態，M[i,j] 表示一輪後變成 i 個 B1 的機率，也就是從欄 j 轉到列 i。
A9: 轉移矩陣 | B9: 更通用的做法是把目前已收集 j 個 B1 視為來源狀態，M[i,j] 表示一輪後變成 i 個 B1 的機率，也就是從欄 j 轉到列 i。
A10: 矩陣法優點 | B10: 若每輪機率不同、收集到某數量後改規則、中途停止、或有其他條件事件，轉移矩陣會比簡化二項法更通用。
A11: Excel 實作 | B11: 本 workbook 同時保留簡化法與轉移矩陣法，並在 Multi Round B1 內檢查兩者結果是否一致。
A12: 資料來源 | B12: https://ezslotdesign.com/binomial-distribution/
