Workbook

Sheet Sticky Wild
A1: 黏性百搭 Sticky Wild - State Probability
A2: Source: https://ezslotdesign.com/stickywild/
B4: 滾輪表 | H4: State Probability：Free Spin #1~10 開始時
B5: R1 | C5: R2 | D5: R3 | E5: R4 | F5: R5 | H5: WILD Status | I5: R1 | J5: R2 | K5: R3 | L5: R4 | M5: R5 | N5: 1 | O5: 2 | P5: 3 | Q5: 4 | R5: 5 | S5: 6 | T5: 7 | U5: 8 | V5: 9 | W5: 10
A6: 1 | B6: WILD | C6: WILD | D6: WILD | E6: WILD | F6: WILD | H6: 0 | N6: =IF($I6="W",1-$B$25^(N$5-1),$B$25^(N$5-1))*IF($J6="W",1-$C$25^(N$5-1),$C$25^(N$5-1))*IF($K6="W",1-$D$25^(N$5-1),$D$25^(N$5-1))*IF($L6="W",1-$E$25^(N$5-1),$E$25^(N$5-1))*IF($M6="W",1-$F$25^(N$5-1),$F$25^(N$5-1)) -> 1 | O6: =IF($I6="W",1-$B$25^(O$5-1),$B$25^(O$5-1))*IF($J6="W",1-$C$25^(O$5-1),$C$25^(O$5-1))*IF($K6="W",1-$D$25^(O$5-1),$D$25^(O$5-1))*IF($L6="W",1-$E$25^(O$5-1),$E$25^(O$5-1))*IF($M6="W",1-$F$25^(O$5-1),$F$25^(O$5-1)) -> 0.6875 | P6: =IF($I6="W",1-$B$25^(P$5-1),$B$25^(P$5-1))*IF($J6="W",1-$C$25^(P$5-1),$C$25^(P$5-1))*IF($K6="W",1-$D$25^(P$5-1),$D$25^(P$5-1))*IF($L6="W",1-$E$25^(P$5-1),$E$25^(P$5-1))*IF($M6="W",1-$F$25^(P$5-1),$F$25^(P$5-1)) -> 0.47265625 | Q6: =IF($I6="W",1-$B$25^(Q$5-1),$B$25^(Q$5-1))*IF($J6="W",1-$C$25^(Q$5-1),$C$25^(Q$5-1))*IF($K6="W",1-$D$25^(Q$5-1),$D$25^(Q$5-1))*IF($L6="W",1-$E$25^(Q$5-1),$E$25^(Q$5-1))*IF($M6="W",1-$F$25^(Q$5-1),$F$25^(Q$5-1)) -> 0.32495117 | R6: =IF($I6="W",1-$B$25^(R$5-1),$B$25^(R$5-1))*IF($J6="W",1-$C$25^(R$5-1),$C$25^(R$5-1))*IF($K6="W",1-$D$25^(R$5-1),$D$25^(R$5-1))*IF($L6="W",1-$E$25^(R$5-1),$E$25^(R$5-1))*IF($M6="W",1-$F$25^(R$5-1),$F$25^(R$5-1)) -> 0.22340393 | S6: =IF($I6="W",1-$B$25^(S$5-1),$B$25^(S$5-1))*IF($J6="W",1-$C$25^(S$5-1),$C$25^(S$5-1))*IF($K6="W",1-$D$25^(S$5-1),$D$25^(S$5-1))*IF($L6="W",1-$E$25^(S$5-1),$E$25^(S$5-1))*IF($M6="W",1-$F$25^(S$5-1),$F$25^(S$5-1)) -> 0.1535902 | T6: =IF($I6="W",1-$B$25^(T$5-1),$B$25^(T$5-1))*IF($J6="W",1-$C$25^(T$5-1),$C$25^(T$5-1))*IF($K6="W",1-$D$25^(T$5-1),$D$25^(T$5-1))*IF($L6="W",1-$E$25^(T$5-1),$E$25^(T$5-1))*IF($M6="W",1-$F$25^(T$5-1),$F$25^(T$5-1)) -> 0.10559326 | U6: =IF($I6="W",1-$B$25^(U$5-1),$B$25^(U$5-1))*IF($J6="W",1-$C$25^(U$5-1),$C$25^(U$5-1))*IF($K6="W",1-$D$25^(U$5-1),$D$25^(U$5-1))*IF($L6="W",1-$E$25^(U$5-1),$E$25^(U$5-1))*IF($M6="W",1-$F$25^(U$5-1),$F$25^(U$5-1)) -> 0.072595369 | ... W6: =IF($I6="W",1-$B$25^(W$5-1),$B$25^(W$5-1))*IF($J6="W",1-$C$25^(W$5-1),$C$25^(W$5-1))*IF($K6="W",1-$D$25^(W$5-1),$D$25^(W$5-1))*IF($L6="W",1-$E$25^(W$5-1),$E$25^(W$5-1))*IF($M6="W",1-$F$25^(W$5-1),$F$25^(W$5-1)) -> 0.034312655
A7: 2 | B7: A | C7: A | D7: A | E7: A | F7: A | H7: 1 | M7: W | N7: =IF($I7="W",1-$B$25^(N$5-1),$B$25^(N$5-1))*IF($J7="W",1-$C$25^(N$5-1),$C$25^(N$5-1))*IF($K7="W",1-$D$25^(N$5-1),$D$25^(N$5-1))*IF($L7="W",1-$E$25^(N$5-1),$E$25^(N$5-1))*IF($M7="W",1-$F$25^(N$5-1),$F$25^(N$5-1)) -> 0 | O7: =IF($I7="W",1-$B$25^(O$5-1),$B$25^(O$5-1))*IF($J7="W",1-$C$25^(O$5-1),$C$25^(O$5-1))*IF($K7="W",1-$D$25^(O$5-1),$D$25^(O$5-1))*IF($L7="W",1-$E$25^(O$5-1),$E$25^(O$5-1))*IF($M7="W",1-$F$25^(O$5-1),$F$25^(O$5-1)) -> 0.0625 | P7: =IF($I7="W",1-$B$25^(P$5-1),$B$25^(P$5-1))*IF($J7="W",1-$C$25^(P$5-1),$C$25^(P$5-1))*IF($K7="W",1-$D$25^(P$5-1),$D$25^(P$5-1))*IF($L7="W",1-$E$25^(P$5-1),$E$25^(P$5-1))*IF($M7="W",1-$F$25^(P$5-1),$F$25^(P$5-1)) -> 0.08984375 | Q7: =IF($I7="W",1-$B$25^(Q$5-1),$B$25^(Q$5-1))*IF($J7="W",1-$C$25^(Q$5-1),$C$25^(Q$5-1))*IF($K7="W",1-$D$25^(Q$5-1),$D$25^(Q$5-1))*IF($L7="W",1-$E$25^(Q$5-1),$E$25^(Q$5-1))*IF($M7="W",1-$F$25^(Q$5-1),$F$25^(Q$5-1)) -> 0.096923828 | R7: =IF($I7="W",1-$B$25^(R$5-1),$B$25^(R$5-1))*IF($J7="W",1-$C$25^(R$5-1),$C$25^(R$5-1))*IF($K7="W",1-$D$25^(R$5-1),$D$25^(R$5-1))*IF($L7="W",1-$E$25^(R$5-1),$E$25^(R$5-1))*IF($M7="W",1-$F$25^(R$5-1),$F$25^(R$5-1)) -> 0.093002319 | S7: =IF($I7="W",1-$B$25^(S$5-1),$B$25^(S$5-1))*IF($J7="W",1-$C$25^(S$5-1),$C$25^(S$5-1))*IF($K7="W",1-$D$25^(S$5-1),$D$25^(S$5-1))*IF($L7="W",1-$E$25^(S$5-1),$E$25^(S$5-1))*IF($M7="W",1-$F$25^(S$5-1),$F$25^(S$5-1)) -> 0.083714485 | T7: =IF($I7="W",1-$B$25^(T$5-1),$B$25^(T$5-1))*IF($J7="W",1-$C$25^(T$5-1),$C$25^(T$5-1))*IF($K7="W",1-$D$25^(T$5-1),$D$25^(T$5-1))*IF($L7="W",1-$E$25^(T$5-1),$E$25^(T$5-1))*IF($M7="W",1-$F$25^(T$5-1),$F$25^(T$5-1)) -> 0.072385252 | U7: =IF($I7="W",1-$B$25^(U$5-1),$B$25^(U$5-1))*IF($J7="W",1-$C$25^(U$5-1),$C$25^(U$5-1))*IF($K7="W",1-$D$25^(U$5-1),$D$25^(U$5-1))*IF($L7="W",1-$E$25^(U$5-1),$E$25^(U$5-1))*IF($M7="W",1-$F$25^(U$5-1),$F$25^(U$5-1)) -> 0.060888518 | ... W7: =IF($I7="W",1-$B$25^(W$5-1),$B$25^(W$5-1))*IF($J7="W",1-$C$25^(W$5-1),$C$25^(W$5-1))*IF($K7="W",1-$D$25^(W$5-1),$D$25^(W$5-1))*IF($L7="W",1-$E$25^(W$5-1),$E$25^(W$5-1))*IF($M7="W",1-$F$25^(W$5-1),$F$25^(W$5-1)) -> 0.040772031
A8: 3 | B8: K | C8: K | D8: K | E8: K | F8: K | H8: 2 | L8: W | N8: =IF($I8="W",1-$B$25^(N$5-1),$B$25^(N$5-1))*IF($J8="W",1-$C$25^(N$5-1),$C$25^(N$5-1))*IF($K8="W",1-$D$25^(N$5-1),$D$25^(N$5-1))*IF($L8="W",1-$E$25^(N$5-1),$E$25^(N$5-1))*IF($M8="W",1-$F$25^(N$5-1),$F$25^(N$5-1)) -> 0 | O8: =IF($I8="W",1-$B$25^(O$5-1),$B$25^(O$5-1))*IF($J8="W",1-$C$25^(O$5-1),$C$25^(O$5-1))*IF($K8="W",1-$D$25^(O$5-1),$D$25^(O$5-1))*IF($L8="W",1-$E$25^(O$5-1),$E$25^(O$5-1))*IF($M8="W",1-$F$25^(O$5-1),$F$25^(O$5-1)) -> 0.057291667 | P8: =IF($I8="W",1-$B$25^(P$5-1),$B$25^(P$5-1))*IF($J8="W",1-$C$25^(P$5-1),$C$25^(P$5-1))*IF($K8="W",1-$D$25^(P$5-1),$D$25^(P$5-1))*IF($L8="W",1-$E$25^(P$5-1),$E$25^(P$5-1))*IF($M8="W",1-$F$25^(P$5-1),$F$25^(P$5-1)) -> 0.082058377 | Q8: =IF($I8="W",1-$B$25^(Q$5-1),$B$25^(Q$5-1))*IF($J8="W",1-$C$25^(Q$5-1),$C$25^(Q$5-1))*IF($K8="W",1-$D$25^(Q$5-1),$D$25^(Q$5-1))*IF($L8="W",1-$E$25^(Q$5-1),$E$25^(Q$5-1))*IF($M8="W",1-$F$25^(Q$5-1),$F$25^(Q$5-1)) -> 0.088195659 | R8: =IF($I8="W",1-$B$25^(R$5-1),$B$25^(R$5-1))*IF($J8="W",1-$C$25^(R$5-1),$C$25^(R$5-1))*IF($K8="W",1-$D$25^(R$5-1),$D$25^(R$5-1))*IF($L8="W",1-$E$25^(R$5-1),$E$25^(R$5-1))*IF($M8="W",1-$F$25^(R$5-1),$F$25^(R$5-1)) -> 0.084304386 | S8: =IF($I8="W",1-$B$25^(S$5-1),$B$25^(S$5-1))*IF($J8="W",1-$C$25^(S$5-1),$C$25^(S$5-1))*IF($K8="W",1-$D$25^(S$5-1),$D$25^(S$5-1))*IF($L8="W",1-$E$25^(S$5-1),$E$25^(S$5-1))*IF($M8="W",1-$F$25^(S$5-1),$F$25^(S$5-1)) -> 0.075588388 | T8: =IF($I8="W",1-$B$25^(T$5-1),$B$25^(T$5-1))*IF($J8="W",1-$C$25^(T$5-1),$C$25^(T$5-1))*IF($K8="W",1-$D$25^(T$5-1),$D$25^(T$5-1))*IF($L8="W",1-$E$25^(T$5-1),$E$25^(T$5-1))*IF($M8="W",1-$F$25^(T$5-1),$F$25^(T$5-1)) -> 0.06509704 | U8: =IF($I8="W",1-$B$25^(U$5-1),$B$25^(U$5-1))*IF($J8="W",1-$C$25^(U$5-1),$C$25^(U$5-1))*IF($K8="W",1-$D$25^(U$5-1),$D$25^(U$5-1))*IF($L8="W",1-$E$25^(U$5-1),$E$25^(U$5-1))*IF($M8="W",1-$F$25^(U$5-1),$F$25^(U$5-1)) -> 0.054533347 | ... W8: =IF($I8="W",1-$B$25^(W$5-1),$B$25^(W$5-1))*IF($J8="W",1-$C$25^(W$5-1),$C$25^(W$5-1))*IF($K8="W",1-$D$25^(W$5-1),$D$25^(W$5-1))*IF($L8="W",1-$E$25^(W$5-1),$E$25^(W$5-1))*IF($M8="W",1-$F$25^(W$5-1),$F$25^(W$5-1)) -> 0.036207503
A9: 4 | B9: Q | C9: Q | D9: Q | E9: Q | F9: Q | H9: 3 | L9: W | M9: W | N9: =IF($I9="W",1-$B$25^(N$5-1),$B$25^(N$5-1))*IF($J9="W",1-$C$25^(N$5-1),$C$25^(N$5-1))*IF($K9="W",1-$D$25^(N$5-1),$D$25^(N$5-1))*IF($L9="W",1-$E$25^(N$5-1),$E$25^(N$5-1))*IF($M9="W",1-$F$25^(N$5-1),$F$25^(N$5-1)) -> 0 | O9: =IF($I9="W",1-$B$25^(O$5-1),$B$25^(O$5-1))*IF($J9="W",1-$C$25^(O$5-1),$C$25^(O$5-1))*IF($K9="W",1-$D$25^(O$5-1),$D$25^(O$5-1))*IF($L9="W",1-$E$25^(O$5-1),$E$25^(O$5-1))*IF($M9="W",1-$F$25^(O$5-1),$F$25^(O$5-1)) -> 0.0052083333 | P9: =IF($I9="W",1-$B$25^(P$5-1),$B$25^(P$5-1))*IF($J9="W",1-$C$25^(P$5-1),$C$25^(P$5-1))*IF($K9="W",1-$D$25^(P$5-1),$D$25^(P$5-1))*IF($L9="W",1-$E$25^(P$5-1),$E$25^(P$5-1))*IF($M9="W",1-$F$25^(P$5-1),$F$25^(P$5-1)) -> 0.015597873 | Q9: =IF($I9="W",1-$B$25^(Q$5-1),$B$25^(Q$5-1))*IF($J9="W",1-$C$25^(Q$5-1),$C$25^(Q$5-1))*IF($K9="W",1-$D$25^(Q$5-1),$D$25^(Q$5-1))*IF($L9="W",1-$E$25^(Q$5-1),$E$25^(Q$5-1))*IF($M9="W",1-$F$25^(Q$5-1),$F$25^(Q$5-1)) -> 0.026306294 | R9: =IF($I9="W",1-$B$25^(R$5-1),$B$25^(R$5-1))*IF($J9="W",1-$C$25^(R$5-1),$C$25^(R$5-1))*IF($K9="W",1-$D$25^(R$5-1),$D$25^(R$5-1))*IF($L9="W",1-$E$25^(R$5-1),$E$25^(R$5-1))*IF($M9="W",1-$F$25^(R$5-1),$F$25^(R$5-1)) -> 0.035095638 | S9: =IF($I9="W",1-$B$25^(S$5-1),$B$25^(S$5-1))*IF($J9="W",1-$C$25^(S$5-1),$C$25^(S$5-1))*IF($K9="W",1-$D$25^(S$5-1),$D$25^(S$5-1))*IF($L9="W",1-$E$25^(S$5-1),$E$25^(S$5-1))*IF($M9="W",1-$F$25^(S$5-1),$F$25^(S$5-1)) -> 0.041199522 | T9: =IF($I9="W",1-$B$25^(T$5-1),$B$25^(T$5-1))*IF($J9="W",1-$C$25^(T$5-1),$C$25^(T$5-1))*IF($K9="W",1-$D$25^(T$5-1),$D$25^(T$5-1))*IF($L9="W",1-$E$25^(T$5-1),$E$25^(T$5-1))*IF($M9="W",1-$F$25^(T$5-1),$F$25^(T$5-1)) -> 0.04462468 | U9: =IF($I9="W",1-$B$25^(U$5-1),$B$25^(U$5-1))*IF($J9="W",1-$C$25^(U$5-1),$C$25^(U$5-1))*IF($K9="W",1-$D$25^(U$5-1),$D$25^(U$5-1))*IF($L9="W",1-$E$25^(U$5-1),$E$25^(U$5-1))*IF($M9="W",1-$F$25^(U$5-1),$F$25^(U$5-1)) -> 0.045739208 | ... W9: =IF($I9="W",1-$B$25^(W$5-1),$B$25^(W$5-1))*IF($J9="W",1-$C$25^(W$5-1),$C$25^(W$5-1))*IF($K9="W",1-$D$25^(W$5-1),$D$25^(W$5-1))*IF($L9="W",1-$E$25^(W$5-1),$E$25^(W$5-1))*IF($M9="W",1-$F$25^(W$5-1),$F$25^(W$5-1)) -> 0.043023586
A10: 5 | B10: J | C10: J | D10: J | E10: J | F10: J | H10: 4 | K10: W | N10: =IF($I10="W",1-$B$25^(N$5-1),$B$25^(N$5-1))*IF($J10="W",1-$C$25^(N$5-1),$C$25^(N$5-1))*IF($K10="W",1-$D$25^(N$5-1),$D$25^(N$5-1))*IF($L10="W",1-$E$25^(N$5-1),$E$25^(N$5-1))*IF($M10="W",1-$F$25^(N$5-1),$F$25^(N$5-1)) -> 0 | O10: =IF($I10="W",1-$B$25^(O$5-1),$B$25^(O$5-1))*IF($J10="W",1-$C$25^(O$5-1),$C$25^(O$5-1))*IF($K10="W",1-$D$25^(O$5-1),$D$25^(O$5-1))*IF($L10="W",1-$E$25^(O$5-1),$E$25^(O$5-1))*IF($M10="W",1-$F$25^(O$5-1),$F$25^(O$5-1)) -> 0.052884615 | P10: =IF($I10="W",1-$B$25^(P$5-1),$B$25^(P$5-1))*IF($J10="W",1-$C$25^(P$5-1),$C$25^(P$5-1))*IF($K10="W",1-$D$25^(P$5-1),$D$25^(P$5-1))*IF($L10="W",1-$E$25^(P$5-1),$E$25^(P$5-1))*IF($M10="W",1-$F$25^(P$5-1),$F$25^(P$5-1)) -> 0.075513129 | Q10: =IF($I10="W",1-$B$25^(Q$5-1),$B$25^(Q$5-1))*IF($J10="W",1-$C$25^(Q$5-1),$C$25^(Q$5-1))*IF($K10="W",1-$D$25^(Q$5-1),$D$25^(Q$5-1))*IF($L10="W",1-$E$25^(Q$5-1),$E$25^(Q$5-1))*IF($M10="W",1-$F$25^(Q$5-1),$F$25^(Q$5-1)) -> 0.080905003 | R10: =IF($I10="W",1-$B$25^(R$5-1),$B$25^(R$5-1))*IF($J10="W",1-$C$25^(R$5-1),$C$25^(R$5-1))*IF($K10="W",1-$D$25^(R$5-1),$D$25^(R$5-1))*IF($L10="W",1-$E$25^(R$5-1),$E$25^(R$5-1))*IF($M10="W",1-$F$25^(R$5-1),$F$25^(R$5-1)) -> 0.077085737 | S10: =IF($I10="W",1-$B$25^(S$5-1),$B$25^(S$5-1))*IF($J10="W",1-$C$25^(S$5-1),$C$25^(S$5-1))*IF($K10="W",1-$D$25^(S$5-1),$D$25^(S$5-1))*IF($L10="W",1-$E$25^(S$5-1),$E$25^(S$5-1))*IF($M10="W",1-$F$25^(S$5-1),$F$25^(S$5-1)) -> 0.068887725 | T10: =IF($I10="W",1-$B$25^(T$5-1),$B$25^(T$5-1))*IF($J10="W",1-$C$25^(T$5-1),$C$25^(T$5-1))*IF($K10="W",1-$D$25^(T$5-1),$D$25^(T$5-1))*IF($L10="W",1-$E$25^(T$5-1),$E$25^(T$5-1))*IF($M10="W",1-$F$25^(T$5-1),$F$25^(T$5-1)) -> 0.05912597 | U10: =IF($I10="W",1-$B$25^(U$5-1),$B$25^(U$5-1))*IF($J10="W",1-$C$25^(U$5-1),$C$25^(U$5-1))*IF($K10="W",1-$D$25^(U$5-1),$D$25^(U$5-1))*IF($L10="W",1-$E$25^(U$5-1),$E$25^(U$5-1))*IF($M10="W",1-$F$25^(U$5-1),$F$25^(U$5-1)) -> 0.049360218 | ... W10: =IF($I10="W",1-$B$25^(W$5-1),$B$25^(W$5-1))*IF($J10="W",1-$C$25^(W$5-1),$C$25^(W$5-1))*IF($K10="W",1-$D$25^(W$5-1),$D$25^(W$5-1))*IF($L10="W",1-$E$25^(W$5-1),$E$25^(W$5-1))*IF($M10="W",1-$F$25^(W$5-1),$F$25^(W$5-1)) -> 0.032539663
A11: 6 | B11: 10 | C11: 10 | D11: 10 | E11: 10 | F11: 10 | H11: 5 | K11: W | M11: W | N11: =IF($I11="W",1-$B$25^(N$5-1),$B$25^(N$5-1))*IF($J11="W",1-$C$25^(N$5-1),$C$25^(N$5-1))*IF($K11="W",1-$D$25^(N$5-1),$D$25^(N$5-1))*IF($L11="W",1-$E$25^(N$5-1),$E$25^(N$5-1))*IF($M11="W",1-$F$25^(N$5-1),$F$25^(N$5-1)) -> 0 | O11: =IF($I11="W",1-$B$25^(O$5-1),$B$25^(O$5-1))*IF($J11="W",1-$C$25^(O$5-1),$C$25^(O$5-1))*IF($K11="W",1-$D$25^(O$5-1),$D$25^(O$5-1))*IF($L11="W",1-$E$25^(O$5-1),$E$25^(O$5-1))*IF($M11="W",1-$F$25^(O$5-1),$F$25^(O$5-1)) -> 0.0048076923 | P11: =IF($I11="W",1-$B$25^(P$5-1),$B$25^(P$5-1))*IF($J11="W",1-$C$25^(P$5-1),$C$25^(P$5-1))*IF($K11="W",1-$D$25^(P$5-1),$D$25^(P$5-1))*IF($L11="W",1-$E$25^(P$5-1),$E$25^(P$5-1))*IF($M11="W",1-$F$25^(P$5-1),$F$25^(P$5-1)) -> 0.014353735 | Q11: =IF($I11="W",1-$B$25^(Q$5-1),$B$25^(Q$5-1))*IF($J11="W",1-$C$25^(Q$5-1),$C$25^(Q$5-1))*IF($K11="W",1-$D$25^(Q$5-1),$D$25^(Q$5-1))*IF($L11="W",1-$E$25^(Q$5-1),$E$25^(Q$5-1))*IF($M11="W",1-$F$25^(Q$5-1),$F$25^(Q$5-1)) -> 0.024131695 | R11: =IF($I11="W",1-$B$25^(R$5-1),$B$25^(R$5-1))*IF($J11="W",1-$C$25^(R$5-1),$C$25^(R$5-1))*IF($K11="W",1-$D$25^(R$5-1),$D$25^(R$5-1))*IF($L11="W",1-$E$25^(R$5-1),$E$25^(R$5-1))*IF($M11="W",1-$F$25^(R$5-1),$F$25^(R$5-1)) -> 0.032090538 | S11: =IF($I11="W",1-$B$25^(S$5-1),$B$25^(S$5-1))*IF($J11="W",1-$C$25^(S$5-1),$C$25^(S$5-1))*IF($K11="W",1-$D$25^(S$5-1),$D$25^(S$5-1))*IF($L11="W",1-$E$25^(S$5-1),$E$25^(S$5-1))*IF($M11="W",1-$F$25^(S$5-1),$F$25^(S$5-1)) -> 0.03754732 | T11: =IF($I11="W",1-$B$25^(T$5-1),$B$25^(T$5-1))*IF($J11="W",1-$C$25^(T$5-1),$C$25^(T$5-1))*IF($K11="W",1-$D$25^(T$5-1),$D$25^(T$5-1))*IF($L11="W",1-$E$25^(T$5-1),$E$25^(T$5-1))*IF($M11="W",1-$F$25^(T$5-1),$F$25^(T$5-1)) -> 0.040531451 | U11: =IF($I11="W",1-$B$25^(U$5-1),$B$25^(U$5-1))*IF($J11="W",1-$C$25^(U$5-1),$C$25^(U$5-1))*IF($K11="W",1-$D$25^(U$5-1),$D$25^(U$5-1))*IF($L11="W",1-$E$25^(U$5-1),$E$25^(U$5-1))*IF($M11="W",1-$F$25^(U$5-1),$F$25^(U$5-1)) -> 0.041400306 | ... W11: =IF($I11="W",1-$B$25^(W$5-1),$B$25^(W$5-1))*IF($J11="W",1-$C$25^(W$5-1),$C$25^(W$5-1))*IF($K11="W",1-$D$25^(W$5-1),$D$25^(W$5-1))*IF($L11="W",1-$E$25^(W$5-1),$E$25^(W$5-1))*IF($M11="W",1-$F$25^(W$5-1),$F$25^(W$5-1)) -> 0.038665273
A12: 7 | B12: A | C12: A | D12: A | E12: A | F12: A | H12: 6 | K12: W | L12: W | N12: =IF($I12="W",1-$B$25^(N$5-1),$B$25^(N$5-1))*IF($J12="W",1-$C$25^(N$5-1),$C$25^(N$5-1))*IF($K12="W",1-$D$25^(N$5-1),$D$25^(N$5-1))*IF($L12="W",1-$E$25^(N$5-1),$E$25^(N$5-1))*IF($M12="W",1-$F$25^(N$5-1),$F$25^(N$5-1)) -> 0 | O12: =IF($I12="W",1-$B$25^(O$5-1),$B$25^(O$5-1))*IF($J12="W",1-$C$25^(O$5-1),$C$25^(O$5-1))*IF($K12="W",1-$D$25^(O$5-1),$D$25^(O$5-1))*IF($L12="W",1-$E$25^(O$5-1),$E$25^(O$5-1))*IF($M12="W",1-$F$25^(O$5-1),$F$25^(O$5-1)) -> 0.0044070513 | P12: =IF($I12="W",1-$B$25^(P$5-1),$B$25^(P$5-1))*IF($J12="W",1-$C$25^(P$5-1),$C$25^(P$5-1))*IF($K12="W",1-$D$25^(P$5-1),$D$25^(P$5-1))*IF($L12="W",1-$E$25^(P$5-1),$E$25^(P$5-1))*IF($M12="W",1-$F$25^(P$5-1),$F$25^(P$5-1)) -> 0.013109918 | Q12: =IF($I12="W",1-$B$25^(Q$5-1),$B$25^(Q$5-1))*IF($J12="W",1-$C$25^(Q$5-1),$C$25^(Q$5-1))*IF($K12="W",1-$D$25^(Q$5-1),$D$25^(Q$5-1))*IF($L12="W",1-$E$25^(Q$5-1),$E$25^(Q$5-1))*IF($M12="W",1-$F$25^(Q$5-1),$F$25^(Q$5-1)) -> 0.021958592 | R12: =IF($I12="W",1-$B$25^(R$5-1),$B$25^(R$5-1))*IF($J12="W",1-$C$25^(R$5-1),$C$25^(R$5-1))*IF($K12="W",1-$D$25^(R$5-1),$D$25^(R$5-1))*IF($L12="W",1-$E$25^(R$5-1),$E$25^(R$5-1))*IF($M12="W",1-$F$25^(R$5-1),$F$25^(R$5-1)) -> 0.029089308 | S12: =IF($I12="W",1-$B$25^(S$5-1),$B$25^(S$5-1))*IF($J12="W",1-$C$25^(S$5-1),$C$25^(S$5-1))*IF($K12="W",1-$D$25^(S$5-1),$D$25^(S$5-1))*IF($L12="W",1-$E$25^(S$5-1),$E$25^(S$5-1))*IF($M12="W",1-$F$25^(S$5-1),$F$25^(S$5-1)) -> 0.033902632 | T12: =IF($I12="W",1-$B$25^(T$5-1),$B$25^(T$5-1))*IF($J12="W",1-$C$25^(T$5-1),$C$25^(T$5-1))*IF($K12="W",1-$D$25^(T$5-1),$D$25^(T$5-1))*IF($L12="W",1-$E$25^(T$5-1),$E$25^(T$5-1))*IF($M12="W",1-$F$25^(T$5-1),$F$25^(T$5-1)) -> 0.036450485 | U12: =IF($I12="W",1-$B$25^(U$5-1),$B$25^(U$5-1))*IF($J12="W",1-$C$25^(U$5-1),$C$25^(U$5-1))*IF($K12="W",1-$D$25^(U$5-1),$D$25^(U$5-1))*IF($L12="W",1-$E$25^(U$5-1),$E$25^(U$5-1))*IF($M12="W",1-$F$25^(U$5-1),$F$25^(U$5-1)) -> 0.037079196 | ... W12: =IF($I12="W",1-$B$25^(W$5-1),$B$25^(W$5-1))*IF($J12="W",1-$C$25^(W$5-1),$C$25^(W$5-1))*IF($K12="W",1-$D$25^(W$5-1),$D$25^(W$5-1))*IF($L12="W",1-$E$25^(W$5-1),$E$25^(W$5-1))*IF($M12="W",1-$F$25^(W$5-1),$F$25^(W$5-1)) -> 0.034336602
A13: 8 | B13: K | C13: K | D13: K | E13: K | F13: K | H13: 7 | K13: W | L13: W | M13: W | N13: =IF($I13="W",1-$B$25^(N$5-1),$B$25^(N$5-1))*IF($J13="W",1-$C$25^(N$5-1),$C$25^(N$5-1))*IF($K13="W",1-$D$25^(N$5-1),$D$25^(N$5-1))*IF($L13="W",1-$E$25^(N$5-1),$E$25^(N$5-1))*IF($M13="W",1-$F$25^(N$5-1),$F$25^(N$5-1)) -> 0 | O13: =IF($I13="W",1-$B$25^(O$5-1),$B$25^(O$5-1))*IF($J13="W",1-$C$25^(O$5-1),$C$25^(O$5-1))*IF($K13="W",1-$D$25^(O$5-1),$D$25^(O$5-1))*IF($L13="W",1-$E$25^(O$5-1),$E$25^(O$5-1))*IF($M13="W",1-$F$25^(O$5-1),$F$25^(O$5-1)) -> 0.00040064103 | P13: =IF($I13="W",1-$B$25^(P$5-1),$B$25^(P$5-1))*IF($J13="W",1-$C$25^(P$5-1),$C$25^(P$5-1))*IF($K13="W",1-$D$25^(P$5-1),$D$25^(P$5-1))*IF($L13="W",1-$E$25^(P$5-1),$E$25^(P$5-1))*IF($M13="W",1-$F$25^(P$5-1),$F$25^(P$5-1)) -> 0.0024919679 | Q13: =IF($I13="W",1-$B$25^(Q$5-1),$B$25^(Q$5-1))*IF($J13="W",1-$C$25^(Q$5-1),$C$25^(Q$5-1))*IF($K13="W",1-$D$25^(Q$5-1),$D$25^(Q$5-1))*IF($L13="W",1-$E$25^(Q$5-1),$E$25^(Q$5-1))*IF($M13="W",1-$F$25^(Q$5-1),$F$25^(Q$5-1)) -> 0.0065496325 | R13: =IF($I13="W",1-$B$25^(R$5-1),$B$25^(R$5-1))*IF($J13="W",1-$C$25^(R$5-1),$C$25^(R$5-1))*IF($K13="W",1-$D$25^(R$5-1),$D$25^(R$5-1))*IF($L13="W",1-$E$25^(R$5-1),$E$25^(R$5-1))*IF($M13="W",1-$F$25^(R$5-1),$F$25^(R$5-1)) -> 0.012109783 | S13: =IF($I13="W",1-$B$25^(S$5-1),$B$25^(S$5-1))*IF($J13="W",1-$C$25^(S$5-1),$C$25^(S$5-1))*IF($K13="W",1-$D$25^(S$5-1),$D$25^(S$5-1))*IF($L13="W",1-$E$25^(S$5-1),$E$25^(S$5-1))*IF($M13="W",1-$F$25^(S$5-1),$F$25^(S$5-1)) -> 0.018478662 | T13: =IF($I13="W",1-$B$25^(T$5-1),$B$25^(T$5-1))*IF($J13="W",1-$C$25^(T$5-1),$C$25^(T$5-1))*IF($K13="W",1-$D$25^(T$5-1),$D$25^(T$5-1))*IF($L13="W",1-$E$25^(T$5-1),$E$25^(T$5-1))*IF($M13="W",1-$F$25^(T$5-1),$F$25^(T$5-1)) -> 0.024987176 | U13: =IF($I13="W",1-$B$25^(U$5-1),$B$25^(U$5-1))*IF($J13="W",1-$C$25^(U$5-1),$C$25^(U$5-1))*IF($K13="W",1-$D$25^(U$5-1),$D$25^(U$5-1))*IF($L13="W",1-$E$25^(U$5-1),$E$25^(U$5-1))*IF($M13="W",1-$F$25^(U$5-1),$F$25^(U$5-1)) -> 0.031099742 | ... W13: =IF($I13="W",1-$B$25^(W$5-1),$B$25^(W$5-1))*IF($J13="W",1-$C$25^(W$5-1),$C$25^(W$5-1))*IF($K13="W",1-$D$25^(W$5-1),$D$25^(W$5-1))*IF($L13="W",1-$E$25^(W$5-1),$E$25^(W$5-1))*IF($M13="W",1-$F$25^(W$5-1),$F$25^(W$5-1)) -> 0.040800487
A14: 9 | B14: Q | C14: Q | D14: Q | E14: Q | F14: Q | H14: 8 | J14: W | N14: =IF($I14="W",1-$B$25^(N$5-1),$B$25^(N$5-1))*IF($J14="W",1-$C$25^(N$5-1),$C$25^(N$5-1))*IF($K14="W",1-$D$25^(N$5-1),$D$25^(N$5-1))*IF($L14="W",1-$E$25^(N$5-1),$E$25^(N$5-1))*IF($M14="W",1-$F$25^(N$5-1),$F$25^(N$5-1)) -> 0 | O14: =IF($I14="W",1-$B$25^(O$5-1),$B$25^(O$5-1))*IF($J14="W",1-$C$25^(O$5-1),$C$25^(O$5-1))*IF($K14="W",1-$D$25^(O$5-1),$D$25^(O$5-1))*IF($L14="W",1-$E$25^(O$5-1),$E$25^(O$5-1))*IF($M14="W",1-$F$25^(O$5-1),$F$25^(O$5-1)) -> 0.049107143 | P14: =IF($I14="W",1-$B$25^(P$5-1),$B$25^(P$5-1))*IF($J14="W",1-$C$25^(P$5-1),$C$25^(P$5-1))*IF($K14="W",1-$D$25^(P$5-1),$D$25^(P$5-1))*IF($L14="W",1-$E$25^(P$5-1),$E$25^(P$5-1))*IF($M14="W",1-$F$25^(P$5-1),$F$25^(P$5-1)) -> 0.069933833 | Q14: =IF($I14="W",1-$B$25^(Q$5-1),$B$25^(Q$5-1))*IF($J14="W",1-$C$25^(Q$5-1),$C$25^(Q$5-1))*IF($K14="W",1-$D$25^(Q$5-1),$D$25^(Q$5-1))*IF($L14="W",1-$E$25^(Q$5-1),$E$25^(Q$5-1))*IF($M14="W",1-$F$25^(Q$5-1),$F$25^(Q$5-1)) -> 0.074724559 | R14: =IF($I14="W",1-$B$25^(R$5-1),$B$25^(R$5-1))*IF($J14="W",1-$C$25^(R$5-1),$C$25^(R$5-1))*IF($K14="W",1-$D$25^(R$5-1),$D$25^(R$5-1))*IF($L14="W",1-$E$25^(R$5-1),$E$25^(R$5-1))*IF($M14="W",1-$F$25^(R$5-1),$F$25^(R$5-1)) -> 0.071000067 | S14: =IF($I14="W",1-$B$25^(S$5-1),$B$25^(S$5-1))*IF($J14="W",1-$C$25^(S$5-1),$C$25^(S$5-1))*IF($K14="W",1-$D$25^(S$5-1),$D$25^(S$5-1))*IF($L14="W",1-$E$25^(S$5-1),$E$25^(S$5-1))*IF($M14="W",1-$F$25^(S$5-1),$F$25^(S$5-1)) -> 0.063269886 | T14: =IF($I14="W",1-$B$25^(T$5-1),$B$25^(T$5-1))*IF($J14="W",1-$C$25^(T$5-1),$C$25^(T$5-1))*IF($K14="W",1-$D$25^(T$5-1),$D$25^(T$5-1))*IF($L14="W",1-$E$25^(T$5-1),$E$25^(T$5-1))*IF($M14="W",1-$F$25^(T$5-1),$F$25^(T$5-1)) -> 0.054147426 | U14: =IF($I14="W",1-$B$25^(U$5-1),$B$25^(U$5-1))*IF($J14="W",1-$C$25^(U$5-1),$C$25^(U$5-1))*IF($K14="W",1-$D$25^(U$5-1),$D$25^(U$5-1))*IF($L14="W",1-$E$25^(U$5-1),$E$25^(U$5-1))*IF($M14="W",1-$F$25^(U$5-1),$F$25^(U$5-1)) -> 0.045070764 | ... W14: =IF($I14="W",1-$B$25^(W$5-1),$B$25^(W$5-1))*IF($J14="W",1-$C$25^(W$5-1),$C$25^(W$5-1))*IF($K14="W",1-$D$25^(W$5-1),$D$25^(W$5-1))*IF($L14="W",1-$E$25^(W$5-1),$E$25^(W$5-1))*IF($M14="W",1-$F$25^(W$5-1),$F$25^(W$5-1)) -> 0.029531822
A15: 10 | B15: J | C15: J | D15: J | E15: J | F15: J | H15: 9 | J15: W | M15: W | N15: =IF($I15="W",1-$B$25^(N$5-1),$B$25^(N$5-1))*IF($J15="W",1-$C$25^(N$5-1),$C$25^(N$5-1))*IF($K15="W",1-$D$25^(N$5-1),$D$25^(N$5-1))*IF($L15="W",1-$E$25^(N$5-1),$E$25^(N$5-1))*IF($M15="W",1-$F$25^(N$5-1),$F$25^(N$5-1)) -> 0 | O15: =IF($I15="W",1-$B$25^(O$5-1),$B$25^(O$5-1))*IF($J15="W",1-$C$25^(O$5-1),$C$25^(O$5-1))*IF($K15="W",1-$D$25^(O$5-1),$D$25^(O$5-1))*IF($L15="W",1-$E$25^(O$5-1),$E$25^(O$5-1))*IF($M15="W",1-$F$25^(O$5-1),$F$25^(O$5-1)) -> 0.0044642857 | P15: =IF($I15="W",1-$B$25^(P$5-1),$B$25^(P$5-1))*IF($J15="W",1-$C$25^(P$5-1),$C$25^(P$5-1))*IF($K15="W",1-$D$25^(P$5-1),$D$25^(P$5-1))*IF($L15="W",1-$E$25^(P$5-1),$E$25^(P$5-1))*IF($M15="W",1-$F$25^(P$5-1),$F$25^(P$5-1)) -> 0.013293208 | Q15: =IF($I15="W",1-$B$25^(Q$5-1),$B$25^(Q$5-1))*IF($J15="W",1-$C$25^(Q$5-1),$C$25^(Q$5-1))*IF($K15="W",1-$D$25^(Q$5-1),$D$25^(Q$5-1))*IF($L15="W",1-$E$25^(Q$5-1),$E$25^(Q$5-1))*IF($M15="W",1-$F$25^(Q$5-1),$F$25^(Q$5-1)) -> 0.022288242 | R15: =IF($I15="W",1-$B$25^(R$5-1),$B$25^(R$5-1))*IF($J15="W",1-$C$25^(R$5-1),$C$25^(R$5-1))*IF($K15="W",1-$D$25^(R$5-1),$D$25^(R$5-1))*IF($L15="W",1-$E$25^(R$5-1),$E$25^(R$5-1))*IF($M15="W",1-$F$25^(R$5-1),$F$25^(R$5-1)) -> 0.029557094 | S15: =IF($I15="W",1-$B$25^(S$5-1),$B$25^(S$5-1))*IF($J15="W",1-$C$25^(S$5-1),$C$25^(S$5-1))*IF($K15="W",1-$D$25^(S$5-1),$D$25^(S$5-1))*IF($L15="W",1-$E$25^(S$5-1),$E$25^(S$5-1))*IF($M15="W",1-$F$25^(S$5-1),$F$25^(S$5-1)) -> 0.034485311 | T15: =IF($I15="W",1-$B$25^(T$5-1),$B$25^(T$5-1))*IF($J15="W",1-$C$25^(T$5-1),$C$25^(T$5-1))*IF($K15="W",1-$D$25^(T$5-1),$D$25^(T$5-1))*IF($L15="W",1-$E$25^(T$5-1),$E$25^(T$5-1))*IF($M15="W",1-$F$25^(T$5-1),$F$25^(T$5-1)) -> 0.037118608 | U15: =IF($I15="W",1-$B$25^(U$5-1),$B$25^(U$5-1))*IF($J15="W",1-$C$25^(U$5-1),$C$25^(U$5-1))*IF($K15="W",1-$D$25^(U$5-1),$D$25^(U$5-1))*IF($L15="W",1-$E$25^(U$5-1),$E$25^(U$5-1))*IF($M15="W",1-$F$25^(U$5-1),$F$25^(U$5-1)) -> 0.037802577 | ... W15: =IF($I15="W",1-$B$25^(W$5-1),$B$25^(W$5-1))*IF($J15="W",1-$C$25^(W$5-1),$C$25^(W$5-1))*IF($K15="W",1-$D$25^(W$5-1),$D$25^(W$5-1))*IF($L15="W",1-$E$25^(W$5-1),$E$25^(W$5-1))*IF($M15="W",1-$F$25^(W$5-1),$F$25^(W$5-1)) -> 0.035091204
A16: 11 | B16: 10 | C16: 10 | D16: 10 | E16: 10 | F16: 10 | H16: 10 | J16: W | L16: W | N16: =IF($I16="W",1-$B$25^(N$5-1),$B$25^(N$5-1))*IF($J16="W",1-$C$25^(N$5-1),$C$25^(N$5-1))*IF($K16="W",1-$D$25^(N$5-1),$D$25^(N$5-1))*IF($L16="W",1-$E$25^(N$5-1),$E$25^(N$5-1))*IF($M16="W",1-$F$25^(N$5-1),$F$25^(N$5-1)) -> 0 | O16: =IF($I16="W",1-$B$25^(O$5-1),$B$25^(O$5-1))*IF($J16="W",1-$C$25^(O$5-1),$C$25^(O$5-1))*IF($K16="W",1-$D$25^(O$5-1),$D$25^(O$5-1))*IF($L16="W",1-$E$25^(O$5-1),$E$25^(O$5-1))*IF($M16="W",1-$F$25^(O$5-1),$F$25^(O$5-1)) -> 0.0040922619 | P16: =IF($I16="W",1-$B$25^(P$5-1),$B$25^(P$5-1))*IF($J16="W",1-$C$25^(P$5-1),$C$25^(P$5-1))*IF($K16="W",1-$D$25^(P$5-1),$D$25^(P$5-1))*IF($L16="W",1-$E$25^(P$5-1),$E$25^(P$5-1))*IF($M16="W",1-$F$25^(P$5-1),$F$25^(P$5-1)) -> 0.01214129 | Q16: =IF($I16="W",1-$B$25^(Q$5-1),$B$25^(Q$5-1))*IF($J16="W",1-$C$25^(Q$5-1),$C$25^(Q$5-1))*IF($K16="W",1-$D$25^(Q$5-1),$D$25^(Q$5-1))*IF($L16="W",1-$E$25^(Q$5-1),$E$25^(Q$5-1))*IF($M16="W",1-$F$25^(Q$5-1),$F$25^(Q$5-1)) -> 0.020281145 | R16: =IF($I16="W",1-$B$25^(R$5-1),$B$25^(R$5-1))*IF($J16="W",1-$C$25^(R$5-1),$C$25^(R$5-1))*IF($K16="W",1-$D$25^(R$5-1),$D$25^(R$5-1))*IF($L16="W",1-$E$25^(R$5-1),$E$25^(R$5-1))*IF($M16="W",1-$F$25^(R$5-1),$F$25^(R$5-1)) -> 0.026792801 | S16: =IF($I16="W",1-$B$25^(S$5-1),$B$25^(S$5-1))*IF($J16="W",1-$C$25^(S$5-1),$C$25^(S$5-1))*IF($K16="W",1-$D$25^(S$5-1),$D$25^(S$5-1))*IF($L16="W",1-$E$25^(S$5-1),$E$25^(S$5-1))*IF($M16="W",1-$F$25^(S$5-1),$F$25^(S$5-1)) -> 0.03113785 | T16: =IF($I16="W",1-$B$25^(T$5-1),$B$25^(T$5-1))*IF($J16="W",1-$C$25^(T$5-1),$C$25^(T$5-1))*IF($K16="W",1-$D$25^(T$5-1),$D$25^(T$5-1))*IF($L16="W",1-$E$25^(T$5-1),$E$25^(T$5-1))*IF($M16="W",1-$F$25^(T$5-1),$F$25^(T$5-1)) -> 0.033381269 | U16: =IF($I16="W",1-$B$25^(U$5-1),$B$25^(U$5-1))*IF($J16="W",1-$C$25^(U$5-1),$C$25^(U$5-1))*IF($K16="W",1-$D$25^(U$5-1),$D$25^(U$5-1))*IF($L16="W",1-$E$25^(U$5-1),$E$25^(U$5-1))*IF($M16="W",1-$F$25^(U$5-1),$F$25^(U$5-1)) -> 0.033856975 | ... W16: =IF($I16="W",1-$B$25^(W$5-1),$B$25^(W$5-1))*IF($J16="W",1-$C$25^(W$5-1),$C$25^(W$5-1))*IF($K16="W",1-$D$25^(W$5-1),$D$25^(W$5-1))*IF($L16="W",1-$E$25^(W$5-1),$E$25^(W$5-1))*IF($M16="W",1-$F$25^(W$5-1),$F$25^(W$5-1)) -> 0.031162658
A17: 12 | B17: A | C17: A | D17: A | E17: A | F17: A | H17: 11 | J17: W | L17: W | M17: W | N17: =IF($I17="W",1-$B$25^(N$5-1),$B$25^(N$5-1))*IF($J17="W",1-$C$25^(N$5-1),$C$25^(N$5-1))*IF($K17="W",1-$D$25^(N$5-1),$D$25^(N$5-1))*IF($L17="W",1-$E$25^(N$5-1),$E$25^(N$5-1))*IF($M17="W",1-$F$25^(N$5-1),$F$25^(N$5-1)) -> 0 | O17: =IF($I17="W",1-$B$25^(O$5-1),$B$25^(O$5-1))*IF($J17="W",1-$C$25^(O$5-1),$C$25^(O$5-1))*IF($K17="W",1-$D$25^(O$5-1),$D$25^(O$5-1))*IF($L17="W",1-$E$25^(O$5-1),$E$25^(O$5-1))*IF($M17="W",1-$F$25^(O$5-1),$F$25^(O$5-1)) -> 0.00037202381 | P17: =IF($I17="W",1-$B$25^(P$5-1),$B$25^(P$5-1))*IF($J17="W",1-$C$25^(P$5-1),$C$25^(P$5-1))*IF($K17="W",1-$D$25^(P$5-1),$D$25^(P$5-1))*IF($L17="W",1-$E$25^(P$5-1),$E$25^(P$5-1))*IF($M17="W",1-$F$25^(P$5-1),$F$25^(P$5-1)) -> 0.0023078486 | Q17: =IF($I17="W",1-$B$25^(Q$5-1),$B$25^(Q$5-1))*IF($J17="W",1-$C$25^(Q$5-1),$C$25^(Q$5-1))*IF($K17="W",1-$D$25^(Q$5-1),$D$25^(Q$5-1))*IF($L17="W",1-$E$25^(Q$5-1),$E$25^(Q$5-1))*IF($M17="W",1-$F$25^(Q$5-1),$F$25^(Q$5-1)) -> 0.0060492971 | R17: =IF($I17="W",1-$B$25^(R$5-1),$B$25^(R$5-1))*IF($J17="W",1-$C$25^(R$5-1),$C$25^(R$5-1))*IF($K17="W",1-$D$25^(R$5-1),$D$25^(R$5-1))*IF($L17="W",1-$E$25^(R$5-1),$E$25^(R$5-1))*IF($M17="W",1-$F$25^(R$5-1),$F$25^(R$5-1)) -> 0.011153755 | S17: =IF($I17="W",1-$B$25^(S$5-1),$B$25^(S$5-1))*IF($J17="W",1-$C$25^(S$5-1),$C$25^(S$5-1))*IF($K17="W",1-$D$25^(S$5-1),$D$25^(S$5-1))*IF($L17="W",1-$E$25^(S$5-1),$E$25^(S$5-1))*IF($M17="W",1-$F$25^(S$5-1),$F$25^(S$5-1)) -> 0.016971715 | T17: =IF($I17="W",1-$B$25^(T$5-1),$B$25^(T$5-1))*IF($J17="W",1-$C$25^(T$5-1),$C$25^(T$5-1))*IF($K17="W",1-$D$25^(T$5-1),$D$25^(T$5-1))*IF($L17="W",1-$E$25^(T$5-1),$E$25^(T$5-1))*IF($M17="W",1-$F$25^(T$5-1),$F$25^(T$5-1)) -> 0.022883198 | U17: =IF($I17="W",1-$B$25^(U$5-1),$B$25^(U$5-1))*IF($J17="W",1-$C$25^(U$5-1),$C$25^(U$5-1))*IF($K17="W",1-$D$25^(U$5-1),$D$25^(U$5-1))*IF($L17="W",1-$E$25^(U$5-1),$E$25^(U$5-1))*IF($M17="W",1-$F$25^(U$5-1),$F$25^(U$5-1)) -> 0.028397142 | ... W17: =IF($I17="W",1-$B$25^(W$5-1),$B$25^(W$5-1))*IF($J17="W",1-$C$25^(W$5-1),$C$25^(W$5-1))*IF($K17="W",1-$D$25^(W$5-1),$D$25^(W$5-1))*IF($L17="W",1-$E$25^(W$5-1),$E$25^(W$5-1))*IF($M17="W",1-$F$25^(W$5-1),$F$25^(W$5-1)) -> 0.037029046
A18: 13 | B18: K | C18: K | D18: K | E18: K | H18: 12 | J18: W | K18: W | N18: =IF($I18="W",1-$B$25^(N$5-1),$B$25^(N$5-1))*IF($J18="W",1-$C$25^(N$5-1),$C$25^(N$5-1))*IF($K18="W",1-$D$25^(N$5-1),$D$25^(N$5-1))*IF($L18="W",1-$E$25^(N$5-1),$E$25^(N$5-1))*IF($M18="W",1-$F$25^(N$5-1),$F$25^(N$5-1)) -> 0 | O18: =IF($I18="W",1-$B$25^(O$5-1),$B$25^(O$5-1))*IF($J18="W",1-$C$25^(O$5-1),$C$25^(O$5-1))*IF($K18="W",1-$D$25^(O$5-1),$D$25^(O$5-1))*IF($L18="W",1-$E$25^(O$5-1),$E$25^(O$5-1))*IF($M18="W",1-$F$25^(O$5-1),$F$25^(O$5-1)) -> 0.0037774725 | P18: =IF($I18="W",1-$B$25^(P$5-1),$B$25^(P$5-1))*IF($J18="W",1-$C$25^(P$5-1),$C$25^(P$5-1))*IF($K18="W",1-$D$25^(P$5-1),$D$25^(P$5-1))*IF($L18="W",1-$E$25^(P$5-1),$E$25^(P$5-1))*IF($M18="W",1-$F$25^(P$5-1),$F$25^(P$5-1)) -> 0.011172861 | Q18: =IF($I18="W",1-$B$25^(Q$5-1),$B$25^(Q$5-1))*IF($J18="W",1-$C$25^(Q$5-1),$C$25^(Q$5-1))*IF($K18="W",1-$D$25^(Q$5-1),$D$25^(Q$5-1))*IF($L18="W",1-$E$25^(Q$5-1),$E$25^(Q$5-1))*IF($M18="W",1-$F$25^(Q$5-1),$F$25^(Q$5-1)) -> 0.018604613 | R18: =IF($I18="W",1-$B$25^(R$5-1),$B$25^(R$5-1))*IF($J18="W",1-$C$25^(R$5-1),$C$25^(R$5-1))*IF($K18="W",1-$D$25^(R$5-1),$D$25^(R$5-1))*IF($L18="W",1-$E$25^(R$5-1),$E$25^(R$5-1))*IF($M18="W",1-$F$25^(R$5-1),$F$25^(R$5-1)) -> 0.02449864 | S18: =IF($I18="W",1-$B$25^(S$5-1),$B$25^(S$5-1))*IF($J18="W",1-$C$25^(S$5-1),$C$25^(S$5-1))*IF($K18="W",1-$D$25^(S$5-1),$D$25^(S$5-1))*IF($L18="W",1-$E$25^(S$5-1),$E$25^(S$5-1))*IF($M18="W",1-$F$25^(S$5-1),$F$25^(S$5-1)) -> 0.028377581 | T18: =IF($I18="W",1-$B$25^(T$5-1),$B$25^(T$5-1))*IF($J18="W",1-$C$25^(T$5-1),$C$25^(T$5-1))*IF($K18="W",1-$D$25^(T$5-1),$D$25^(T$5-1))*IF($L18="W",1-$E$25^(T$5-1),$E$25^(T$5-1))*IF($M18="W",1-$F$25^(T$5-1),$F$25^(T$5-1)) -> 0.03031935 | U18: =IF($I18="W",1-$B$25^(U$5-1),$B$25^(U$5-1))*IF($J18="W",1-$C$25^(U$5-1),$C$25^(U$5-1))*IF($K18="W",1-$D$25^(U$5-1),$D$25^(U$5-1))*IF($L18="W",1-$E$25^(U$5-1),$E$25^(U$5-1))*IF($M18="W",1-$F$25^(U$5-1),$F$25^(U$5-1)) -> 0.030645243 | ... W18: =IF($I18="W",1-$B$25^(W$5-1),$B$25^(W$5-1))*IF($J18="W",1-$C$25^(W$5-1),$C$25^(W$5-1))*IF($K18="W",1-$D$25^(W$5-1),$D$25^(W$5-1))*IF($L18="W",1-$E$25^(W$5-1),$E$25^(W$5-1))*IF($M18="W",1-$F$25^(W$5-1),$F$25^(W$5-1)) -> 0.028005864
A19: 14 | B19: Q | C19: Q | D19: Q | H19: 13 | J19: W | K19: W | M19: W | N19: =IF($I19="W",1-$B$25^(N$5-1),$B$25^(N$5-1))*IF($J19="W",1-$C$25^(N$5-1),$C$25^(N$5-1))*IF($K19="W",1-$D$25^(N$5-1),$D$25^(N$5-1))*IF($L19="W",1-$E$25^(N$5-1),$E$25^(N$5-1))*IF($M19="W",1-$F$25^(N$5-1),$F$25^(N$5-1)) -> 0 | O19: =IF($I19="W",1-$B$25^(O$5-1),$B$25^(O$5-1))*IF($J19="W",1-$C$25^(O$5-1),$C$25^(O$5-1))*IF($K19="W",1-$D$25^(O$5-1),$D$25^(O$5-1))*IF($L19="W",1-$E$25^(O$5-1),$E$25^(O$5-1))*IF($M19="W",1-$F$25^(O$5-1),$F$25^(O$5-1)) -> 0.00034340659 | P19: =IF($I19="W",1-$B$25^(P$5-1),$B$25^(P$5-1))*IF($J19="W",1-$C$25^(P$5-1),$C$25^(P$5-1))*IF($K19="W",1-$D$25^(P$5-1),$D$25^(P$5-1))*IF($L19="W",1-$E$25^(P$5-1),$E$25^(P$5-1))*IF($M19="W",1-$F$25^(P$5-1),$F$25^(P$5-1)) -> 0.0021237669 | Q19: =IF($I19="W",1-$B$25^(Q$5-1),$B$25^(Q$5-1))*IF($J19="W",1-$C$25^(Q$5-1),$C$25^(Q$5-1))*IF($K19="W",1-$D$25^(Q$5-1),$D$25^(Q$5-1))*IF($L19="W",1-$E$25^(Q$5-1),$E$25^(Q$5-1))*IF($M19="W",1-$F$25^(Q$5-1),$F$25^(Q$5-1)) -> 0.0055492345 | R19: =IF($I19="W",1-$B$25^(R$5-1),$B$25^(R$5-1))*IF($J19="W",1-$C$25^(R$5-1),$C$25^(R$5-1))*IF($K19="W",1-$D$25^(R$5-1),$D$25^(R$5-1))*IF($L19="W",1-$E$25^(R$5-1),$E$25^(R$5-1))*IF($M19="W",1-$F$25^(R$5-1),$F$25^(R$5-1)) -> 0.010198703 | S19: =IF($I19="W",1-$B$25^(S$5-1),$B$25^(S$5-1))*IF($J19="W",1-$C$25^(S$5-1),$C$25^(S$5-1))*IF($K19="W",1-$D$25^(S$5-1),$D$25^(S$5-1))*IF($L19="W",1-$E$25^(S$5-1),$E$25^(S$5-1))*IF($M19="W",1-$F$25^(S$5-1),$F$25^(S$5-1)) -> 0.015467228 | T19: =IF($I19="W",1-$B$25^(T$5-1),$B$25^(T$5-1))*IF($J19="W",1-$C$25^(T$5-1),$C$25^(T$5-1))*IF($K19="W",1-$D$25^(T$5-1),$D$25^(T$5-1))*IF($L19="W",1-$E$25^(T$5-1),$E$25^(T$5-1))*IF($M19="W",1-$F$25^(T$5-1),$F$25^(T$5-1)) -> 0.020784221 | U19: =IF($I19="W",1-$B$25^(U$5-1),$B$25^(U$5-1))*IF($J19="W",1-$C$25^(U$5-1),$C$25^(U$5-1))*IF($K19="W",1-$D$25^(U$5-1),$D$25^(U$5-1))*IF($L19="W",1-$E$25^(U$5-1),$E$25^(U$5-1))*IF($M19="W",1-$F$25^(U$5-1),$F$25^(U$5-1)) -> 0.02570334 | ... W19: =IF($I19="W",1-$B$25^(W$5-1),$B$25^(W$5-1))*IF($J19="W",1-$C$25^(W$5-1),$C$25^(W$5-1))*IF($K19="W",1-$D$25^(W$5-1),$D$25^(W$5-1))*IF($L19="W",1-$E$25^(W$5-1),$E$25^(W$5-1))*IF($M19="W",1-$F$25^(W$5-1),$F$25^(W$5-1)) -> 0.033277984
A20: 15 | B20: J | C20: J | H20: 14 | J20: W | K20: W | L20: W | N20: =IF($I20="W",1-$B$25^(N$5-1),$B$25^(N$5-1))*IF($J20="W",1-$C$25^(N$5-1),$C$25^(N$5-1))*IF($K20="W",1-$D$25^(N$5-1),$D$25^(N$5-1))*IF($L20="W",1-$E$25^(N$5-1),$E$25^(N$5-1))*IF($M20="W",1-$F$25^(N$5-1),$F$25^(N$5-1)) -> 0 | O20: =IF($I20="W",1-$B$25^(O$5-1),$B$25^(O$5-1))*IF($J20="W",1-$C$25^(O$5-1),$C$25^(O$5-1))*IF($K20="W",1-$D$25^(O$5-1),$D$25^(O$5-1))*IF($L20="W",1-$E$25^(O$5-1),$E$25^(O$5-1))*IF($M20="W",1-$F$25^(O$5-1),$F$25^(O$5-1)) -> 0.00031478938 | P20: =IF($I20="W",1-$B$25^(P$5-1),$B$25^(P$5-1))*IF($J20="W",1-$C$25^(P$5-1),$C$25^(P$5-1))*IF($K20="W",1-$D$25^(P$5-1),$D$25^(P$5-1))*IF($L20="W",1-$E$25^(P$5-1),$E$25^(P$5-1))*IF($M20="W",1-$F$25^(P$5-1),$F$25^(P$5-1)) -> 0.0019397328 | Q20: =IF($I20="W",1-$B$25^(Q$5-1),$B$25^(Q$5-1))*IF($J20="W",1-$C$25^(Q$5-1),$C$25^(Q$5-1))*IF($K20="W",1-$D$25^(Q$5-1),$D$25^(Q$5-1))*IF($L20="W",1-$E$25^(Q$5-1),$E$25^(Q$5-1))*IF($M20="W",1-$F$25^(Q$5-1),$F$25^(Q$5-1)) -> 0.0050495158 | R20: =IF($I20="W",1-$B$25^(R$5-1),$B$25^(R$5-1))*IF($J20="W",1-$C$25^(R$5-1),$C$25^(R$5-1))*IF($K20="W",1-$D$25^(R$5-1),$D$25^(R$5-1))*IF($L20="W",1-$E$25^(R$5-1),$E$25^(R$5-1))*IF($M20="W",1-$F$25^(R$5-1),$F$25^(R$5-1)) -> 0.0092448814 | S20: =IF($I20="W",1-$B$25^(S$5-1),$B$25^(S$5-1))*IF($J20="W",1-$C$25^(S$5-1),$C$25^(S$5-1))*IF($K20="W",1-$D$25^(S$5-1),$D$25^(S$5-1))*IF($L20="W",1-$E$25^(S$5-1),$E$25^(S$5-1))*IF($M20="W",1-$F$25^(S$5-1),$F$25^(S$5-1)) -> 0.013965836 | T20: =IF($I20="W",1-$B$25^(T$5-1),$B$25^(T$5-1))*IF($J20="W",1-$C$25^(T$5-1),$C$25^(T$5-1))*IF($K20="W",1-$D$25^(T$5-1),$D$25^(T$5-1))*IF($L20="W",1-$E$25^(T$5-1),$E$25^(T$5-1))*IF($M20="W",1-$F$25^(T$5-1),$F$25^(T$5-1)) -> 0.018691532 | U20: =IF($I20="W",1-$B$25^(U$5-1),$B$25^(U$5-1))*IF($J20="W",1-$C$25^(U$5-1),$C$25^(U$5-1))*IF($K20="W",1-$D$25^(U$5-1),$D$25^(U$5-1))*IF($L20="W",1-$E$25^(U$5-1),$E$25^(U$5-1))*IF($M20="W",1-$F$25^(U$5-1),$F$25^(U$5-1)) -> 0.023020582 | ... W20: =IF($I20="W",1-$B$25^(W$5-1),$B$25^(W$5-1))*IF($J20="W",1-$C$25^(W$5-1),$C$25^(W$5-1))*IF($K20="W",1-$D$25^(W$5-1),$D$25^(W$5-1))*IF($L20="W",1-$E$25^(W$5-1),$E$25^(W$5-1))*IF($M20="W",1-$F$25^(W$5-1),$F$25^(W$5-1)) -> 0.029552433
A21: 16 | B21: 10 | H21: 15 | J21: W | K21: W | L21: W | M21: W | N21: =IF($I21="W",1-$B$25^(N$5-1),$B$25^(N$5-1))*IF($J21="W",1-$C$25^(N$5-1),$C$25^(N$5-1))*IF($K21="W",1-$D$25^(N$5-1),$D$25^(N$5-1))*IF($L21="W",1-$E$25^(N$5-1),$E$25^(N$5-1))*IF($M21="W",1-$F$25^(N$5-1),$F$25^(N$5-1)) -> 0 | O21: =IF($I21="W",1-$B$25^(O$5-1),$B$25^(O$5-1))*IF($J21="W",1-$C$25^(O$5-1),$C$25^(O$5-1))*IF($K21="W",1-$D$25^(O$5-1),$D$25^(O$5-1))*IF($L21="W",1-$E$25^(O$5-1),$E$25^(O$5-1))*IF($M21="W",1-$F$25^(O$5-1),$F$25^(O$5-1)) -> 2.8617216e-05 | P21: =IF($I21="W",1-$B$25^(P$5-1),$B$25^(P$5-1))*IF($J21="W",1-$C$25^(P$5-1),$C$25^(P$5-1))*IF($K21="W",1-$D$25^(P$5-1),$D$25^(P$5-1))*IF($L21="W",1-$E$25^(P$5-1),$E$25^(P$5-1))*IF($M21="W",1-$F$25^(P$5-1),$F$25^(P$5-1)) -> 0.00036870954 | Q21: =IF($I21="W",1-$B$25^(Q$5-1),$B$25^(Q$5-1))*IF($J21="W",1-$C$25^(Q$5-1),$C$25^(Q$5-1))*IF($K21="W",1-$D$25^(Q$5-1),$D$25^(Q$5-1))*IF($L21="W",1-$E$25^(Q$5-1),$E$25^(Q$5-1))*IF($M21="W",1-$F$25^(Q$5-1),$F$25^(Q$5-1)) -> 0.001506129 | R21: =IF($I21="W",1-$B$25^(R$5-1),$B$25^(R$5-1))*IF($J21="W",1-$C$25^(R$5-1),$C$25^(R$5-1))*IF($K21="W",1-$D$25^(R$5-1),$D$25^(R$5-1))*IF($L21="W",1-$E$25^(R$5-1),$E$25^(R$5-1))*IF($M21="W",1-$F$25^(R$5-1),$F$25^(R$5-1)) -> 0.0038486136 | S21: =IF($I21="W",1-$B$25^(S$5-1),$B$25^(S$5-1))*IF($J21="W",1-$C$25^(S$5-1),$C$25^(S$5-1))*IF($K21="W",1-$D$25^(S$5-1),$D$25^(S$5-1))*IF($L21="W",1-$E$25^(S$5-1),$E$25^(S$5-1))*IF($M21="W",1-$F$25^(S$5-1),$F$25^(S$5-1)) -> 0.0076120923 | T21: =IF($I21="W",1-$B$25^(T$5-1),$B$25^(T$5-1))*IF($J21="W",1-$C$25^(T$5-1),$C$25^(T$5-1))*IF($K21="W",1-$D$25^(T$5-1),$D$25^(T$5-1))*IF($L21="W",1-$E$25^(T$5-1),$E$25^(T$5-1))*IF($M21="W",1-$F$25^(T$5-1),$F$25^(T$5-1)) -> 0.012813235 | U21: =IF($I21="W",1-$B$25^(U$5-1),$B$25^(U$5-1))*IF($J21="W",1-$C$25^(U$5-1),$C$25^(U$5-1))*IF($K21="W",1-$D$25^(U$5-1),$D$25^(U$5-1))*IF($L21="W",1-$E$25^(U$5-1),$E$25^(U$5-1))*IF($M21="W",1-$F$25^(U$5-1),$F$25^(U$5-1)) -> 0.019308245 | ... W21: =IF($I21="W",1-$B$25^(W$5-1),$B$25^(W$5-1))*IF($J21="W",1-$C$25^(W$5-1),$C$25^(W$5-1))*IF($K21="W",1-$D$25^(W$5-1),$D$25^(W$5-1))*IF($L21="W",1-$E$25^(W$5-1),$E$25^(W$5-1))*IF($M21="W",1-$F$25^(W$5-1),$F$25^(W$5-1)) -> 0.035115694
H22: 16 | I22: W | N22: =IF($I22="W",1-$B$25^(N$5-1),$B$25^(N$5-1))*IF($J22="W",1-$C$25^(N$5-1),$C$25^(N$5-1))*IF($K22="W",1-$D$25^(N$5-1),$D$25^(N$5-1))*IF($L22="W",1-$E$25^(N$5-1),$E$25^(N$5-1))*IF($M22="W",1-$F$25^(N$5-1),$F$25^(N$5-1)) -> 0 | O22: =IF($I22="W",1-$B$25^(O$5-1),$B$25^(O$5-1))*IF($J22="W",1-$C$25^(O$5-1),$C$25^(O$5-1))*IF($K22="W",1-$D$25^(O$5-1),$D$25^(O$5-1))*IF($L22="W",1-$E$25^(O$5-1),$E$25^(O$5-1))*IF($M22="W",1-$F$25^(O$5-1),$F$25^(O$5-1)) -> 0.045833333 | P22: =IF($I22="W",1-$B$25^(P$5-1),$B$25^(P$5-1))*IF($J22="W",1-$C$25^(P$5-1),$C$25^(P$5-1))*IF($K22="W",1-$D$25^(P$5-1),$D$25^(P$5-1))*IF($L22="W",1-$E$25^(P$5-1),$E$25^(P$5-1))*IF($M22="W",1-$F$25^(P$5-1),$F$25^(P$5-1)) -> 0.065121528 | Q22: =IF($I22="W",1-$B$25^(Q$5-1),$B$25^(Q$5-1))*IF($J22="W",1-$C$25^(Q$5-1),$C$25^(Q$5-1))*IF($K22="W",1-$D$25^(Q$5-1),$D$25^(Q$5-1))*IF($L22="W",1-$E$25^(Q$5-1),$E$25^(Q$5-1))*IF($M22="W",1-$F$25^(Q$5-1),$F$25^(Q$5-1)) -> 0.069419198 | R22: =IF($I22="W",1-$B$25^(R$5-1),$B$25^(R$5-1))*IF($J22="W",1-$C$25^(R$5-1),$C$25^(R$5-1))*IF($K22="W",1-$D$25^(R$5-1),$D$25^(R$5-1))*IF($L22="W",1-$E$25^(R$5-1),$E$25^(R$5-1))*IF($M22="W",1-$F$25^(R$5-1),$F$25^(R$5-1)) -> 0.065801008 | S22: =IF($I22="W",1-$B$25^(S$5-1),$B$25^(S$5-1))*IF($J22="W",1-$C$25^(S$5-1),$C$25^(S$5-1))*IF($K22="W",1-$D$25^(S$5-1),$D$25^(S$5-1))*IF($L22="W",1-$E$25^(S$5-1),$E$25^(S$5-1))*IF($M22="W",1-$F$25^(S$5-1),$F$25^(S$5-1)) -> 0.058493419 | T22: =IF($I22="W",1-$B$25^(T$5-1),$B$25^(T$5-1))*IF($J22="W",1-$C$25^(T$5-1),$C$25^(T$5-1))*IF($K22="W",1-$D$25^(T$5-1),$D$25^(T$5-1))*IF($L22="W",1-$E$25^(T$5-1),$E$25^(T$5-1))*IF($M22="W",1-$F$25^(T$5-1),$F$25^(T$5-1)) -> 0.049934725 | U22: =IF($I22="W",1-$B$25^(U$5-1),$B$25^(U$5-1))*IF($J22="W",1-$C$25^(U$5-1),$C$25^(U$5-1))*IF($K22="W",1-$D$25^(U$5-1),$D$25^(U$5-1))*IF($L22="W",1-$E$25^(U$5-1),$E$25^(U$5-1))*IF($M22="W",1-$F$25^(U$5-1),$F$25^(U$5-1)) -> 0.04145849 | ... W22: =IF($I22="W",1-$B$25^(W$5-1),$B$25^(W$5-1))*IF($J22="W",1-$C$25^(W$5-1),$C$25^(W$5-1))*IF($K22="W",1-$D$25^(W$5-1),$D$25^(W$5-1))*IF($L22="W",1-$E$25^(W$5-1),$E$25^(W$5-1))*IF($M22="W",1-$F$25^(W$5-1),$F$25^(W$5-1)) -> 0.027022976
A23: WILD | B23: R1 | C23: R2 | D23: R3 | E23: R4 | F23: R5 | H23: 17 | I23: W | M23: W | N23: =IF($I23="W",1-$B$25^(N$5-1),$B$25^(N$5-1))*IF($J23="W",1-$C$25^(N$5-1),$C$25^(N$5-1))*IF($K23="W",1-$D$25^(N$5-1),$D$25^(N$5-1))*IF($L23="W",1-$E$25^(N$5-1),$E$25^(N$5-1))*IF($M23="W",1-$F$25^(N$5-1),$F$25^(N$5-1)) -> 0 | O23: =IF($I23="W",1-$B$25^(O$5-1),$B$25^(O$5-1))*IF($J23="W",1-$C$25^(O$5-1),$C$25^(O$5-1))*IF($K23="W",1-$D$25^(O$5-1),$D$25^(O$5-1))*IF($L23="W",1-$E$25^(O$5-1),$E$25^(O$5-1))*IF($M23="W",1-$F$25^(O$5-1),$F$25^(O$5-1)) -> 0.0041666667 | P23: =IF($I23="W",1-$B$25^(P$5-1),$B$25^(P$5-1))*IF($J23="W",1-$C$25^(P$5-1),$C$25^(P$5-1))*IF($K23="W",1-$D$25^(P$5-1),$D$25^(P$5-1))*IF($L23="W",1-$E$25^(P$5-1),$E$25^(P$5-1))*IF($M23="W",1-$F$25^(P$5-1),$F$25^(P$5-1)) -> 0.012378472 | Q23: =IF($I23="W",1-$B$25^(Q$5-1),$B$25^(Q$5-1))*IF($J23="W",1-$C$25^(Q$5-1),$C$25^(Q$5-1))*IF($K23="W",1-$D$25^(Q$5-1),$D$25^(Q$5-1))*IF($L23="W",1-$E$25^(Q$5-1),$E$25^(Q$5-1))*IF($M23="W",1-$F$25^(Q$5-1),$F$25^(Q$5-1)) -> 0.020705802 | R23: =IF($I23="W",1-$B$25^(R$5-1),$B$25^(R$5-1))*IF($J23="W",1-$C$25^(R$5-1),$C$25^(R$5-1))*IF($K23="W",1-$D$25^(R$5-1),$D$25^(R$5-1))*IF($L23="W",1-$E$25^(R$5-1),$E$25^(R$5-1))*IF($M23="W",1-$F$25^(R$5-1),$F$25^(R$5-1)) -> 0.027392742 | S23: =IF($I23="W",1-$B$25^(S$5-1),$B$25^(S$5-1))*IF($J23="W",1-$C$25^(S$5-1),$C$25^(S$5-1))*IF($K23="W",1-$D$25^(S$5-1),$D$25^(S$5-1))*IF($L23="W",1-$E$25^(S$5-1),$E$25^(S$5-1))*IF($M23="W",1-$F$25^(S$5-1),$F$25^(S$5-1)) -> 0.031881893 | T23: =IF($I23="W",1-$B$25^(T$5-1),$B$25^(T$5-1))*IF($J23="W",1-$C$25^(T$5-1),$C$25^(T$5-1))*IF($K23="W",1-$D$25^(T$5-1),$D$25^(T$5-1))*IF($L23="W",1-$E$25^(T$5-1),$E$25^(T$5-1))*IF($M23="W",1-$F$25^(T$5-1),$F$25^(T$5-1)) -> 0.034230759 | U23: =IF($I23="W",1-$B$25^(U$5-1),$B$25^(U$5-1))*IF($J23="W",1-$C$25^(U$5-1),$C$25^(U$5-1))*IF($K23="W",1-$D$25^(U$5-1),$D$25^(U$5-1))*IF($L23="W",1-$E$25^(U$5-1),$E$25^(U$5-1))*IF($M23="W",1-$F$25^(U$5-1),$F$25^(U$5-1)) -> 0.034772824 | ... W23: =IF($I23="W",1-$B$25^(W$5-1),$B$25^(W$5-1))*IF($J23="W",1-$C$25^(W$5-1),$C$25^(W$5-1))*IF($K23="W",1-$D$25^(W$5-1),$D$25^(W$5-1))*IF($L23="W",1-$E$25^(W$5-1),$E$25^(W$5-1))*IF($M23="W",1-$F$25^(W$5-1),$F$25^(W$5-1)) -> 0.032110066
A24: 黏住率 | B24: =COUNTIF(B$6:B$21,"WILD")/COUNTA(B$6:B$21) -> 0.0625 | C24: =COUNTIF(C$6:C$21,"WILD")/COUNTA(C$6:C$21) -> 0.066666667 | D24: =COUNTIF(D$6:D$21,"WILD")/COUNTA(D$6:D$21) -> 0.071428571 | E24: =COUNTIF(E$6:E$21,"WILD")/COUNTA(E$6:E$21) -> 0.076923077 | F24: =COUNTIF(F$6:F$21,"WILD")/COUNTA(F$6:F$21) -> 0.083333333 | H24: 18 | I24: W | L24: W | N24: =IF($I24="W",1-$B$25^(N$5-1),$B$25^(N$5-1))*IF($J24="W",1-$C$25^(N$5-1),$C$25^(N$5-1))*IF($K24="W",1-$D$25^(N$5-1),$D$25^(N$5-1))*IF($L24="W",1-$E$25^(N$5-1),$E$25^(N$5-1))*IF($M24="W",1-$F$25^(N$5-1),$F$25^(N$5-1)) -> 0 | O24: =IF($I24="W",1-$B$25^(O$5-1),$B$25^(O$5-1))*IF($J24="W",1-$C$25^(O$5-1),$C$25^(O$5-1))*IF($K24="W",1-$D$25^(O$5-1),$D$25^(O$5-1))*IF($L24="W",1-$E$25^(O$5-1),$E$25^(O$5-1))*IF($M24="W",1-$F$25^(O$5-1),$F$25^(O$5-1)) -> 0.0038194444 | P24: =IF($I24="W",1-$B$25^(P$5-1),$B$25^(P$5-1))*IF($J24="W",1-$C$25^(P$5-1),$C$25^(P$5-1))*IF($K24="W",1-$D$25^(P$5-1),$D$25^(P$5-1))*IF($L24="W",1-$E$25^(P$5-1),$E$25^(P$5-1))*IF($M24="W",1-$F$25^(P$5-1),$F$25^(P$5-1)) -> 0.011305821 | Q24: =IF($I24="W",1-$B$25^(Q$5-1),$B$25^(Q$5-1))*IF($J24="W",1-$C$25^(Q$5-1),$C$25^(Q$5-1))*IF($K24="W",1-$D$25^(Q$5-1),$D$25^(Q$5-1))*IF($L24="W",1-$E$25^(Q$5-1),$E$25^(Q$5-1))*IF($M24="W",1-$F$25^(Q$5-1),$F$25^(Q$5-1)) -> 0.018841206 | R24: =IF($I24="W",1-$B$25^(R$5-1),$B$25^(R$5-1))*IF($J24="W",1-$C$25^(R$5-1),$C$25^(R$5-1))*IF($K24="W",1-$D$25^(R$5-1),$D$25^(R$5-1))*IF($L24="W",1-$E$25^(R$5-1),$E$25^(R$5-1))*IF($M24="W",1-$F$25^(R$5-1),$F$25^(R$5-1)) -> 0.024830868 | S24: =IF($I24="W",1-$B$25^(S$5-1),$B$25^(S$5-1))*IF($J24="W",1-$C$25^(S$5-1),$C$25^(S$5-1))*IF($K24="W",1-$D$25^(S$5-1),$D$25^(S$5-1))*IF($L24="W",1-$E$25^(S$5-1),$E$25^(S$5-1))*IF($M24="W",1-$F$25^(S$5-1),$F$25^(S$5-1)) -> 0.028787144 | T24: =IF($I24="W",1-$B$25^(T$5-1),$B$25^(T$5-1))*IF($J24="W",1-$C$25^(T$5-1),$C$25^(T$5-1))*IF($K24="W",1-$D$25^(T$5-1),$D$25^(T$5-1))*IF($L24="W",1-$E$25^(T$5-1),$E$25^(T$5-1))*IF($M24="W",1-$F$25^(T$5-1),$F$25^(T$5-1)) -> 0.030784187 | U24: =IF($I24="W",1-$B$25^(U$5-1),$B$25^(U$5-1))*IF($J24="W",1-$C$25^(U$5-1),$C$25^(U$5-1))*IF($K24="W",1-$D$25^(U$5-1),$D$25^(U$5-1))*IF($L24="W",1-$E$25^(U$5-1),$E$25^(U$5-1))*IF($M24="W",1-$F$25^(U$5-1),$F$25^(U$5-1)) -> 0.031143449 | ... W24: =IF($I24="W",1-$B$25^(W$5-1),$B$25^(W$5-1))*IF($J24="W",1-$C$25^(W$5-1),$C$25^(W$5-1))*IF($K24="W",1-$D$25^(W$5-1),$D$25^(W$5-1))*IF($L24="W",1-$E$25^(W$5-1),$E$25^(W$5-1))*IF($M24="W",1-$F$25^(W$5-1),$F$25^(W$5-1)) -> 0.028515266
A25: 沒黏住率 q | B25: =1-B24 -> 0.9375 | C25: =1-C24 -> 0.93333333 | D25: =1-D24 -> 0.92857143 | E25: =1-E24 -> 0.92307692 | F25: =1-F24 -> 0.91666667 | H25: 19 | I25: W | L25: W | M25: W | N25: =IF($I25="W",1-$B$25^(N$5-1),$B$25^(N$5-1))*IF($J25="W",1-$C$25^(N$5-1),$C$25^(N$5-1))*IF($K25="W",1-$D$25^(N$5-1),$D$25^(N$5-1))*IF($L25="W",1-$E$25^(N$5-1),$E$25^(N$5-1))*IF($M25="W",1-$F$25^(N$5-1),$F$25^(N$5-1)) -> 0 | O25: =IF($I25="W",1-$B$25^(O$5-1),$B$25^(O$5-1))*IF($J25="W",1-$C$25^(O$5-1),$C$25^(O$5-1))*IF($K25="W",1-$D$25^(O$5-1),$D$25^(O$5-1))*IF($L25="W",1-$E$25^(O$5-1),$E$25^(O$5-1))*IF($M25="W",1-$F$25^(O$5-1),$F$25^(O$5-1)) -> 0.00034722222 | P25: =IF($I25="W",1-$B$25^(P$5-1),$B$25^(P$5-1))*IF($J25="W",1-$C$25^(P$5-1),$C$25^(P$5-1))*IF($K25="W",1-$D$25^(P$5-1),$D$25^(P$5-1))*IF($L25="W",1-$E$25^(P$5-1),$E$25^(P$5-1))*IF($M25="W",1-$F$25^(P$5-1),$F$25^(P$5-1)) -> 0.0021490403 | Q25: =IF($I25="W",1-$B$25^(Q$5-1),$B$25^(Q$5-1))*IF($J25="W",1-$C$25^(Q$5-1),$C$25^(Q$5-1))*IF($K25="W",1-$D$25^(Q$5-1),$D$25^(Q$5-1))*IF($L25="W",1-$E$25^(Q$5-1),$E$25^(Q$5-1))*IF($M25="W",1-$F$25^(Q$5-1),$F$25^(Q$5-1)) -> 0.0056198038 | R25: =IF($I25="W",1-$B$25^(R$5-1),$B$25^(R$5-1))*IF($J25="W",1-$C$25^(R$5-1),$C$25^(R$5-1))*IF($K25="W",1-$D$25^(R$5-1),$D$25^(R$5-1))*IF($L25="W",1-$E$25^(R$5-1),$E$25^(R$5-1))*IF($M25="W",1-$F$25^(R$5-1),$F$25^(R$5-1)) -> 0.010337009 | S25: =IF($I25="W",1-$B$25^(S$5-1),$B$25^(S$5-1))*IF($J25="W",1-$C$25^(S$5-1),$C$25^(S$5-1))*IF($K25="W",1-$D$25^(S$5-1),$D$25^(S$5-1))*IF($L25="W",1-$E$25^(S$5-1),$E$25^(S$5-1))*IF($M25="W",1-$F$25^(S$5-1),$F$25^(S$5-1)) -> 0.01569046 | T25: =IF($I25="W",1-$B$25^(T$5-1),$B$25^(T$5-1))*IF($J25="W",1-$C$25^(T$5-1),$C$25^(T$5-1))*IF($K25="W",1-$D$25^(T$5-1),$D$25^(T$5-1))*IF($L25="W",1-$E$25^(T$5-1),$E$25^(T$5-1))*IF($M25="W",1-$F$25^(T$5-1),$F$25^(T$5-1)) -> 0.021102872 | U25: =IF($I25="W",1-$B$25^(U$5-1),$B$25^(U$5-1))*IF($J25="W",1-$C$25^(U$5-1),$C$25^(U$5-1))*IF($K25="W",1-$D$25^(U$5-1),$D$25^(U$5-1))*IF($L25="W",1-$E$25^(U$5-1),$E$25^(U$5-1))*IF($M25="W",1-$F$25^(U$5-1),$F$25^(U$5-1)) -> 0.026121204 | ... W25: =IF($I25="W",1-$B$25^(W$5-1),$B$25^(W$5-1))*IF($J25="W",1-$C$25^(W$5-1),$C$25^(W$5-1))*IF($K25="W",1-$D$25^(W$5-1),$D$25^(W$5-1))*IF($L25="W",1-$E$25^(W$5-1),$E$25^(W$5-1))*IF($M25="W",1-$F$25^(W$5-1),$F$25^(W$5-1)) -> 0.033883281
H26: 20 | I26: W | K26: W | N26: =IF($I26="W",1-$B$25^(N$5-1),$B$25^(N$5-1))*IF($J26="W",1-$C$25^(N$5-1),$C$25^(N$5-1))*IF($K26="W",1-$D$25^(N$5-1),$D$25^(N$5-1))*IF($L26="W",1-$E$25^(N$5-1),$E$25^(N$5-1))*IF($M26="W",1-$F$25^(N$5-1),$F$25^(N$5-1)) -> 0 | O26: =IF($I26="W",1-$B$25^(O$5-1),$B$25^(O$5-1))*IF($J26="W",1-$C$25^(O$5-1),$C$25^(O$5-1))*IF($K26="W",1-$D$25^(O$5-1),$D$25^(O$5-1))*IF($L26="W",1-$E$25^(O$5-1),$E$25^(O$5-1))*IF($M26="W",1-$F$25^(O$5-1),$F$25^(O$5-1)) -> 0.003525641 | P26: =IF($I26="W",1-$B$25^(P$5-1),$B$25^(P$5-1))*IF($J26="W",1-$C$25^(P$5-1),$C$25^(P$5-1))*IF($K26="W",1-$D$25^(P$5-1),$D$25^(P$5-1))*IF($L26="W",1-$E$25^(P$5-1),$E$25^(P$5-1))*IF($M26="W",1-$F$25^(P$5-1),$F$25^(P$5-1)) -> 0.010404031 | Q26: =IF($I26="W",1-$B$25^(Q$5-1),$B$25^(Q$5-1))*IF($J26="W",1-$C$25^(Q$5-1),$C$25^(Q$5-1))*IF($K26="W",1-$D$25^(Q$5-1),$D$25^(Q$5-1))*IF($L26="W",1-$E$25^(Q$5-1),$E$25^(Q$5-1))*IF($M26="W",1-$F$25^(Q$5-1),$F$25^(Q$5-1)) -> 0.017283706 | R26: =IF($I26="W",1-$B$25^(R$5-1),$B$25^(R$5-1))*IF($J26="W",1-$C$25^(R$5-1),$C$25^(R$5-1))*IF($K26="W",1-$D$25^(R$5-1),$D$25^(R$5-1))*IF($L26="W",1-$E$25^(R$5-1),$E$25^(R$5-1))*IF($M26="W",1-$F$25^(R$5-1),$F$25^(R$5-1)) -> 0.0227047 | S26: =IF($I26="W",1-$B$25^(S$5-1),$B$25^(S$5-1))*IF($J26="W",1-$C$25^(S$5-1),$C$25^(S$5-1))*IF($K26="W",1-$D$25^(S$5-1),$D$25^(S$5-1))*IF($L26="W",1-$E$25^(S$5-1),$E$25^(S$5-1))*IF($M26="W",1-$F$25^(S$5-1),$F$25^(S$5-1)) -> 0.026235258 | T26: =IF($I26="W",1-$B$25^(T$5-1),$B$25^(T$5-1))*IF($J26="W",1-$C$25^(T$5-1),$C$25^(T$5-1))*IF($K26="W",1-$D$25^(T$5-1),$D$25^(T$5-1))*IF($L26="W",1-$E$25^(T$5-1),$E$25^(T$5-1))*IF($M26="W",1-$F$25^(T$5-1),$F$25^(T$5-1)) -> 0.027960487 | U26: =IF($I26="W",1-$B$25^(U$5-1),$B$25^(U$5-1))*IF($J26="W",1-$C$25^(U$5-1),$C$25^(U$5-1))*IF($K26="W",1-$D$25^(U$5-1),$D$25^(U$5-1))*IF($L26="W",1-$E$25^(U$5-1),$E$25^(U$5-1))*IF($M26="W",1-$F$25^(U$5-1),$F$25^(U$5-1)) -> 0.028189127 | ... W26: =IF($I26="W",1-$B$25^(W$5-1),$B$25^(W$5-1))*IF($J26="W",1-$C$25^(W$5-1),$C$25^(W$5-1))*IF($K26="W",1-$D$25^(W$5-1),$D$25^(W$5-1))*IF($L26="W",1-$E$25^(W$5-1),$E$25^(W$5-1))*IF($M26="W",1-$F$25^(W$5-1),$F$25^(W$5-1)) -> 0.025626654
H27: 21 | I27: W | K27: W | M27: W | N27: =IF($I27="W",1-$B$25^(N$5-1),$B$25^(N$5-1))*IF($J27="W",1-$C$25^(N$5-1),$C$25^(N$5-1))*IF($K27="W",1-$D$25^(N$5-1),$D$25^(N$5-1))*IF($L27="W",1-$E$25^(N$5-1),$E$25^(N$5-1))*IF($M27="W",1-$F$25^(N$5-1),$F$25^(N$5-1)) -> 0 | O27: =IF($I27="W",1-$B$25^(O$5-1),$B$25^(O$5-1))*IF($J27="W",1-$C$25^(O$5-1),$C$25^(O$5-1))*IF($K27="W",1-$D$25^(O$5-1),$D$25^(O$5-1))*IF($L27="W",1-$E$25^(O$5-1),$E$25^(O$5-1))*IF($M27="W",1-$F$25^(O$5-1),$F$25^(O$5-1)) -> 0.00032051282 | P27: =IF($I27="W",1-$B$25^(P$5-1),$B$25^(P$5-1))*IF($J27="W",1-$C$25^(P$5-1),$C$25^(P$5-1))*IF($K27="W",1-$D$25^(P$5-1),$D$25^(P$5-1))*IF($L27="W",1-$E$25^(P$5-1),$E$25^(P$5-1))*IF($M27="W",1-$F$25^(P$5-1),$F$25^(P$5-1)) -> 0.0019776257 | Q27: =IF($I27="W",1-$B$25^(Q$5-1),$B$25^(Q$5-1))*IF($J27="W",1-$C$25^(Q$5-1),$C$25^(Q$5-1))*IF($K27="W",1-$D$25^(Q$5-1),$D$25^(Q$5-1))*IF($L27="W",1-$E$25^(Q$5-1),$E$25^(Q$5-1))*IF($M27="W",1-$F$25^(Q$5-1),$F$25^(Q$5-1)) -> 0.0051552451 | R27: =IF($I27="W",1-$B$25^(R$5-1),$B$25^(R$5-1))*IF($J27="W",1-$C$25^(R$5-1),$C$25^(R$5-1))*IF($K27="W",1-$D$25^(R$5-1),$D$25^(R$5-1))*IF($L27="W",1-$E$25^(R$5-1),$E$25^(R$5-1))*IF($M27="W",1-$F$25^(R$5-1),$F$25^(R$5-1)) -> 0.0094518916 | S27: =IF($I27="W",1-$B$25^(S$5-1),$B$25^(S$5-1))*IF($J27="W",1-$C$25^(S$5-1),$C$25^(S$5-1))*IF($K27="W",1-$D$25^(S$5-1),$D$25^(S$5-1))*IF($L27="W",1-$E$25^(S$5-1),$E$25^(S$5-1))*IF($M27="W",1-$F$25^(S$5-1),$F$25^(S$5-1)) -> 0.014299552 | T27: =IF($I27="W",1-$B$25^(T$5-1),$B$25^(T$5-1))*IF($J27="W",1-$C$25^(T$5-1),$C$25^(T$5-1))*IF($K27="W",1-$D$25^(T$5-1),$D$25^(T$5-1))*IF($L27="W",1-$E$25^(T$5-1),$E$25^(T$5-1))*IF($M27="W",1-$F$25^(T$5-1),$F$25^(T$5-1)) -> 0.019167197 | U27: =IF($I27="W",1-$B$25^(U$5-1),$B$25^(U$5-1))*IF($J27="W",1-$C$25^(U$5-1),$C$25^(U$5-1))*IF($K27="W",1-$D$25^(U$5-1),$D$25^(U$5-1))*IF($L27="W",1-$E$25^(U$5-1),$E$25^(U$5-1))*IF($M27="W",1-$F$25^(U$5-1),$F$25^(U$5-1)) -> 0.023643301 | ... W27: =IF($I27="W",1-$B$25^(W$5-1),$B$25^(W$5-1))*IF($J27="W",1-$C$25^(W$5-1),$C$25^(W$5-1))*IF($K27="W",1-$D$25^(W$5-1),$D$25^(W$5-1))*IF($L27="W",1-$E$25^(W$5-1),$E$25^(W$5-1))*IF($M27="W",1-$F$25^(W$5-1),$F$25^(W$5-1)) -> 0.030450886
H28: 22 | I28: W | K28: W | L28: W | N28: =IF($I28="W",1-$B$25^(N$5-1),$B$25^(N$5-1))*IF($J28="W",1-$C$25^(N$5-1),$C$25^(N$5-1))*IF($K28="W",1-$D$25^(N$5-1),$D$25^(N$5-1))*IF($L28="W",1-$E$25^(N$5-1),$E$25^(N$5-1))*IF($M28="W",1-$F$25^(N$5-1),$F$25^(N$5-1)) -> 0 | O28: =IF($I28="W",1-$B$25^(O$5-1),$B$25^(O$5-1))*IF($J28="W",1-$C$25^(O$5-1),$C$25^(O$5-1))*IF($K28="W",1-$D$25^(O$5-1),$D$25^(O$5-1))*IF($L28="W",1-$E$25^(O$5-1),$E$25^(O$5-1))*IF($M28="W",1-$F$25^(O$5-1),$F$25^(O$5-1)) -> 0.00029380342 | P28: =IF($I28="W",1-$B$25^(P$5-1),$B$25^(P$5-1))*IF($J28="W",1-$C$25^(P$5-1),$C$25^(P$5-1))*IF($K28="W",1-$D$25^(P$5-1),$D$25^(P$5-1))*IF($L28="W",1-$E$25^(P$5-1),$E$25^(P$5-1))*IF($M28="W",1-$F$25^(P$5-1),$F$25^(P$5-1)) -> 0.0018062554 | Q28: =IF($I28="W",1-$B$25^(Q$5-1),$B$25^(Q$5-1))*IF($J28="W",1-$C$25^(Q$5-1),$C$25^(Q$5-1))*IF($K28="W",1-$D$25^(Q$5-1),$D$25^(Q$5-1))*IF($L28="W",1-$E$25^(Q$5-1),$E$25^(Q$5-1))*IF($M28="W",1-$F$25^(Q$5-1),$F$25^(Q$5-1)) -> 0.0046910058 | R28: =IF($I28="W",1-$B$25^(R$5-1),$B$25^(R$5-1))*IF($J28="W",1-$C$25^(R$5-1),$C$25^(R$5-1))*IF($K28="W",1-$D$25^(R$5-1),$D$25^(R$5-1))*IF($L28="W",1-$E$25^(R$5-1),$E$25^(R$5-1))*IF($M28="W",1-$F$25^(R$5-1),$F$25^(R$5-1)) -> 0.0085679145 | S28: =IF($I28="W",1-$B$25^(S$5-1),$B$25^(S$5-1))*IF($J28="W",1-$C$25^(S$5-1),$C$25^(S$5-1))*IF($K28="W",1-$D$25^(S$5-1),$D$25^(S$5-1))*IF($L28="W",1-$E$25^(S$5-1),$E$25^(S$5-1))*IF($M28="W",1-$F$25^(S$5-1),$F$25^(S$5-1)) -> 0.012911506 | T28: =IF($I28="W",1-$B$25^(T$5-1),$B$25^(T$5-1))*IF($J28="W",1-$C$25^(T$5-1),$C$25^(T$5-1))*IF($K28="W",1-$D$25^(T$5-1),$D$25^(T$5-1))*IF($L28="W",1-$E$25^(T$5-1),$E$25^(T$5-1))*IF($M28="W",1-$F$25^(T$5-1),$F$25^(T$5-1)) -> 0.01723732 | U28: =IF($I28="W",1-$B$25^(U$5-1),$B$25^(U$5-1))*IF($J28="W",1-$C$25^(U$5-1),$C$25^(U$5-1))*IF($K28="W",1-$D$25^(U$5-1),$D$25^(U$5-1))*IF($L28="W",1-$E$25^(U$5-1),$E$25^(U$5-1))*IF($M28="W",1-$F$25^(U$5-1),$F$25^(U$5-1)) -> 0.021175558 | ... W28: =IF($I28="W",1-$B$25^(W$5-1),$B$25^(W$5-1))*IF($J28="W",1-$C$25^(W$5-1),$C$25^(W$5-1))*IF($K28="W",1-$D$25^(W$5-1),$D$25^(W$5-1))*IF($L28="W",1-$E$25^(W$5-1),$E$25^(W$5-1))*IF($M28="W",1-$F$25^(W$5-1),$F$25^(W$5-1)) -> 0.027041835
H29: 23 | I29: W | K29: W | L29: W | M29: W | N29: =IF($I29="W",1-$B$25^(N$5-1),$B$25^(N$5-1))*IF($J29="W",1-$C$25^(N$5-1),$C$25^(N$5-1))*IF($K29="W",1-$D$25^(N$5-1),$D$25^(N$5-1))*IF($L29="W",1-$E$25^(N$5-1),$E$25^(N$5-1))*IF($M29="W",1-$F$25^(N$5-1),$F$25^(N$5-1)) -> 0 | O29: =IF($I29="W",1-$B$25^(O$5-1),$B$25^(O$5-1))*IF($J29="W",1-$C$25^(O$5-1),$C$25^(O$5-1))*IF($K29="W",1-$D$25^(O$5-1),$D$25^(O$5-1))*IF($L29="W",1-$E$25^(O$5-1),$E$25^(O$5-1))*IF($M29="W",1-$F$25^(O$5-1),$F$25^(O$5-1)) -> 2.6709402e-05 | P29: =IF($I29="W",1-$B$25^(P$5-1),$B$25^(P$5-1))*IF($J29="W",1-$C$25^(P$5-1),$C$25^(P$5-1))*IF($K29="W",1-$D$25^(P$5-1),$D$25^(P$5-1))*IF($L29="W",1-$E$25^(P$5-1),$E$25^(P$5-1))*IF($M29="W",1-$F$25^(P$5-1),$F$25^(P$5-1)) -> 0.0003433378 | Q29: =IF($I29="W",1-$B$25^(Q$5-1),$B$25^(Q$5-1))*IF($J29="W",1-$C$25^(Q$5-1),$C$25^(Q$5-1))*IF($K29="W",1-$D$25^(Q$5-1),$D$25^(Q$5-1))*IF($L29="W",1-$E$25^(Q$5-1),$E$25^(Q$5-1))*IF($M29="W",1-$F$25^(Q$5-1),$F$25^(Q$5-1)) -> 0.0013991956 | R29: =IF($I29="W",1-$B$25^(R$5-1),$B$25^(R$5-1))*IF($J29="W",1-$C$25^(R$5-1),$C$25^(R$5-1))*IF($K29="W",1-$D$25^(R$5-1),$D$25^(R$5-1))*IF($L29="W",1-$E$25^(R$5-1),$E$25^(R$5-1))*IF($M29="W",1-$F$25^(R$5-1),$F$25^(R$5-1)) -> 0.0035667946 | S29: =IF($I29="W",1-$B$25^(S$5-1),$B$25^(S$5-1))*IF($J29="W",1-$C$25^(S$5-1),$C$25^(S$5-1))*IF($K29="W",1-$D$25^(S$5-1),$D$25^(S$5-1))*IF($L29="W",1-$E$25^(S$5-1),$E$25^(S$5-1))*IF($M29="W",1-$F$25^(S$5-1),$F$25^(S$5-1)) -> 0.0070374287 | T29: =IF($I29="W",1-$B$25^(T$5-1),$B$25^(T$5-1))*IF($J29="W",1-$C$25^(T$5-1),$C$25^(T$5-1))*IF($K29="W",1-$D$25^(T$5-1),$D$25^(T$5-1))*IF($L29="W",1-$E$25^(T$5-1),$E$25^(T$5-1))*IF($M29="W",1-$F$25^(T$5-1),$F$25^(T$5-1)) -> 0.011816358 | U29: =IF($I29="W",1-$B$25^(U$5-1),$B$25^(U$5-1))*IF($J29="W",1-$C$25^(U$5-1),$C$25^(U$5-1))*IF($K29="W",1-$D$25^(U$5-1),$D$25^(U$5-1))*IF($L29="W",1-$E$25^(U$5-1),$E$25^(U$5-1))*IF($M29="W",1-$F$25^(U$5-1),$F$25^(U$5-1)) -> 0.017760752 | ... W29: =IF($I29="W",1-$B$25^(W$5-1),$B$25^(W$5-1))*IF($J29="W",1-$C$25^(W$5-1),$C$25^(W$5-1))*IF($K29="W",1-$D$25^(W$5-1),$D$25^(W$5-1))*IF($L29="W",1-$E$25^(W$5-1),$E$25^(W$5-1))*IF($M29="W",1-$F$25^(W$5-1),$F$25^(W$5-1)) -> 0.032132476
H30: 24 | I30: W | J30: W | N30: =IF($I30="W",1-$B$25^(N$5-1),$B$25^(N$5-1))*IF($J30="W",1-$C$25^(N$5-1),$C$25^(N$5-1))*IF($K30="W",1-$D$25^(N$5-1),$D$25^(N$5-1))*IF($L30="W",1-$E$25^(N$5-1),$E$25^(N$5-1))*IF($M30="W",1-$F$25^(N$5-1),$F$25^(N$5-1)) -> 0 | O30: =IF($I30="W",1-$B$25^(O$5-1),$B$25^(O$5-1))*IF($J30="W",1-$C$25^(O$5-1),$C$25^(O$5-1))*IF($K30="W",1-$D$25^(O$5-1),$D$25^(O$5-1))*IF($L30="W",1-$E$25^(O$5-1),$E$25^(O$5-1))*IF($M30="W",1-$F$25^(O$5-1),$F$25^(O$5-1)) -> 0.0032738095 | P30: =IF($I30="W",1-$B$25^(P$5-1),$B$25^(P$5-1))*IF($J30="W",1-$C$25^(P$5-1),$C$25^(P$5-1))*IF($K30="W",1-$D$25^(P$5-1),$D$25^(P$5-1))*IF($L30="W",1-$E$25^(P$5-1),$E$25^(P$5-1))*IF($M30="W",1-$F$25^(P$5-1),$F$25^(P$5-1)) -> 0.0096353281 | Q30: =IF($I30="W",1-$B$25^(Q$5-1),$B$25^(Q$5-1))*IF($J30="W",1-$C$25^(Q$5-1),$C$25^(Q$5-1))*IF($K30="W",1-$D$25^(Q$5-1),$D$25^(Q$5-1))*IF($L30="W",1-$E$25^(Q$5-1),$E$25^(Q$5-1))*IF($M30="W",1-$F$25^(Q$5-1),$F$25^(Q$5-1)) -> 0.01596338 | R30: =IF($I30="W",1-$B$25^(R$5-1),$B$25^(R$5-1))*IF($J30="W",1-$C$25^(R$5-1),$C$25^(R$5-1))*IF($K30="W",1-$D$25^(R$5-1),$D$25^(R$5-1))*IF($L30="W",1-$E$25^(R$5-1),$E$25^(R$5-1))*IF($M30="W",1-$F$25^(R$5-1),$F$25^(R$5-1)) -> 0.020912237 | S30: =IF($I30="W",1-$B$25^(S$5-1),$B$25^(S$5-1))*IF($J30="W",1-$C$25^(S$5-1),$C$25^(S$5-1))*IF($K30="W",1-$D$25^(S$5-1),$D$25^(S$5-1))*IF($L30="W",1-$E$25^(S$5-1),$E$25^(S$5-1))*IF($M30="W",1-$F$25^(S$5-1),$F$25^(S$5-1)) -> 0.024095755 | T30: =IF($I30="W",1-$B$25^(T$5-1),$B$25^(T$5-1))*IF($J30="W",1-$C$25^(T$5-1),$C$25^(T$5-1))*IF($K30="W",1-$D$25^(T$5-1),$D$25^(T$5-1))*IF($L30="W",1-$E$25^(T$5-1),$E$25^(T$5-1))*IF($M30="W",1-$F$25^(T$5-1),$F$25^(T$5-1)) -> 0.025606149 | U30: =IF($I30="W",1-$B$25^(U$5-1),$B$25^(U$5-1))*IF($J30="W",1-$C$25^(U$5-1),$C$25^(U$5-1))*IF($K30="W",1-$D$25^(U$5-1),$D$25^(U$5-1))*IF($L30="W",1-$E$25^(U$5-1),$E$25^(U$5-1))*IF($M30="W",1-$F$25^(U$5-1),$F$25^(U$5-1)) -> 0.025739463 | ... W30: =IF($I30="W",1-$B$25^(W$5-1),$B$25^(W$5-1))*IF($J30="W",1-$C$25^(W$5-1),$C$25^(W$5-1))*IF($K30="W",1-$D$25^(W$5-1),$D$25^(W$5-1))*IF($L30="W",1-$E$25^(W$5-1),$E$25^(W$5-1))*IF($M30="W",1-$F$25^(W$5-1),$F$25^(W$5-1)) -> 0.023257825
H31: 25 | I31: W | J31: W | M31: W | N31: =IF($I31="W",1-$B$25^(N$5-1),$B$25^(N$5-1))*IF($J31="W",1-$C$25^(N$5-1),$C$25^(N$5-1))*IF($K31="W",1-$D$25^(N$5-1),$D$25^(N$5-1))*IF($L31="W",1-$E$25^(N$5-1),$E$25^(N$5-1))*IF($M31="W",1-$F$25^(N$5-1),$F$25^(N$5-1)) -> 0 | O31: =IF($I31="W",1-$B$25^(O$5-1),$B$25^(O$5-1))*IF($J31="W",1-$C$25^(O$5-1),$C$25^(O$5-1))*IF($K31="W",1-$D$25^(O$5-1),$D$25^(O$5-1))*IF($L31="W",1-$E$25^(O$5-1),$E$25^(O$5-1))*IF($M31="W",1-$F$25^(O$5-1),$F$25^(O$5-1)) -> 0.00029761905 | P31: =IF($I31="W",1-$B$25^(P$5-1),$B$25^(P$5-1))*IF($J31="W",1-$C$25^(P$5-1),$C$25^(P$5-1))*IF($K31="W",1-$D$25^(P$5-1),$D$25^(P$5-1))*IF($L31="W",1-$E$25^(P$5-1),$E$25^(P$5-1))*IF($M31="W",1-$F$25^(P$5-1),$F$25^(P$5-1)) -> 0.0018315086 | Q31: =IF($I31="W",1-$B$25^(Q$5-1),$B$25^(Q$5-1))*IF($J31="W",1-$C$25^(Q$5-1),$C$25^(Q$5-1))*IF($K31="W",1-$D$25^(Q$5-1),$D$25^(Q$5-1))*IF($L31="W",1-$E$25^(Q$5-1),$E$25^(Q$5-1))*IF($M31="W",1-$F$25^(Q$5-1),$F$25^(Q$5-1)) -> 0.0047614288 | R31: =IF($I31="W",1-$B$25^(R$5-1),$B$25^(R$5-1))*IF($J31="W",1-$C$25^(R$5-1),$C$25^(R$5-1))*IF($K31="W",1-$D$25^(R$5-1),$D$25^(R$5-1))*IF($L31="W",1-$E$25^(R$5-1),$E$25^(R$5-1))*IF($M31="W",1-$F$25^(R$5-1),$F$25^(R$5-1)) -> 0.0087056953 | S31: =IF($I31="W",1-$B$25^(S$5-1),$B$25^(S$5-1))*IF($J31="W",1-$C$25^(S$5-1),$C$25^(S$5-1))*IF($K31="W",1-$D$25^(S$5-1),$D$25^(S$5-1))*IF($L31="W",1-$E$25^(S$5-1),$E$25^(S$5-1))*IF($M31="W",1-$F$25^(S$5-1),$F$25^(S$5-1)) -> 0.013133414 | T31: =IF($I31="W",1-$B$25^(T$5-1),$B$25^(T$5-1))*IF($J31="W",1-$C$25^(T$5-1),$C$25^(T$5-1))*IF($K31="W",1-$D$25^(T$5-1),$D$25^(T$5-1))*IF($L31="W",1-$E$25^(T$5-1),$E$25^(T$5-1))*IF($M31="W",1-$F$25^(T$5-1),$F$25^(T$5-1)) -> 0.017553274 | U31: =IF($I31="W",1-$B$25^(U$5-1),$B$25^(U$5-1))*IF($J31="W",1-$C$25^(U$5-1),$C$25^(U$5-1))*IF($K31="W",1-$D$25^(U$5-1),$D$25^(U$5-1))*IF($L31="W",1-$E$25^(U$5-1),$E$25^(U$5-1))*IF($M31="W",1-$F$25^(U$5-1),$F$25^(U$5-1)) -> 0.021588674 | ... W31: =IF($I31="W",1-$B$25^(W$5-1),$B$25^(W$5-1))*IF($J31="W",1-$C$25^(W$5-1),$C$25^(W$5-1))*IF($K31="W",1-$D$25^(W$5-1),$D$25^(W$5-1))*IF($L31="W",1-$E$25^(W$5-1),$E$25^(W$5-1))*IF($M31="W",1-$F$25^(W$5-1),$F$25^(W$5-1)) -> 0.027636123
H32: 26 | I32: W | J32: W | L32: W | N32: =IF($I32="W",1-$B$25^(N$5-1),$B$25^(N$5-1))*IF($J32="W",1-$C$25^(N$5-1),$C$25^(N$5-1))*IF($K32="W",1-$D$25^(N$5-1),$D$25^(N$5-1))*IF($L32="W",1-$E$25^(N$5-1),$E$25^(N$5-1))*IF($M32="W",1-$F$25^(N$5-1),$F$25^(N$5-1)) -> 0 | O32: =IF($I32="W",1-$B$25^(O$5-1),$B$25^(O$5-1))*IF($J32="W",1-$C$25^(O$5-1),$C$25^(O$5-1))*IF($K32="W",1-$D$25^(O$5-1),$D$25^(O$5-1))*IF($L32="W",1-$E$25^(O$5-1),$E$25^(O$5-1))*IF($M32="W",1-$F$25^(O$5-1),$F$25^(O$5-1)) -> 0.00027281746 | P32: =IF($I32="W",1-$B$25^(P$5-1),$B$25^(P$5-1))*IF($J32="W",1-$C$25^(P$5-1),$C$25^(P$5-1))*IF($K32="W",1-$D$25^(P$5-1),$D$25^(P$5-1))*IF($L32="W",1-$E$25^(P$5-1),$E$25^(P$5-1))*IF($M32="W",1-$F$25^(P$5-1),$F$25^(P$5-1)) -> 0.0016728 | Q32: =IF($I32="W",1-$B$25^(Q$5-1),$B$25^(Q$5-1))*IF($J32="W",1-$C$25^(Q$5-1),$C$25^(Q$5-1))*IF($K32="W",1-$D$25^(Q$5-1),$D$25^(Q$5-1))*IF($L32="W",1-$E$25^(Q$5-1),$E$25^(Q$5-1))*IF($M32="W",1-$F$25^(Q$5-1),$F$25^(Q$5-1)) -> 0.0043326534 | R32: =IF($I32="W",1-$B$25^(R$5-1),$B$25^(R$5-1))*IF($J32="W",1-$C$25^(R$5-1),$C$25^(R$5-1))*IF($K32="W",1-$D$25^(R$5-1),$D$25^(R$5-1))*IF($L32="W",1-$E$25^(R$5-1),$E$25^(R$5-1))*IF($M32="W",1-$F$25^(R$5-1),$F$25^(R$5-1)) -> 0.0078915054 | S32: =IF($I32="W",1-$B$25^(S$5-1),$B$25^(S$5-1))*IF($J32="W",1-$C$25^(S$5-1),$C$25^(S$5-1))*IF($K32="W",1-$D$25^(S$5-1),$D$25^(S$5-1))*IF($L32="W",1-$E$25^(S$5-1),$E$25^(S$5-1))*IF($M32="W",1-$F$25^(S$5-1),$F$25^(S$5-1)) -> 0.011858564 | T32: =IF($I32="W",1-$B$25^(T$5-1),$B$25^(T$5-1))*IF($J32="W",1-$C$25^(T$5-1),$C$25^(T$5-1))*IF($K32="W",1-$D$25^(T$5-1),$D$25^(T$5-1))*IF($L32="W",1-$E$25^(T$5-1),$E$25^(T$5-1))*IF($M32="W",1-$F$25^(T$5-1),$F$25^(T$5-1)) -> 0.015785898 | U32: =IF($I32="W",1-$B$25^(U$5-1),$B$25^(U$5-1))*IF($J32="W",1-$C$25^(U$5-1),$C$25^(U$5-1))*IF($K32="W",1-$D$25^(U$5-1),$D$25^(U$5-1))*IF($L32="W",1-$E$25^(U$5-1),$E$25^(U$5-1))*IF($M32="W",1-$F$25^(U$5-1),$F$25^(U$5-1)) -> 0.01933538 | ... W32: =IF($I32="W",1-$B$25^(W$5-1),$B$25^(W$5-1))*IF($J32="W",1-$C$25^(W$5-1),$C$25^(W$5-1))*IF($K32="W",1-$D$25^(W$5-1),$D$25^(W$5-1))*IF($L32="W",1-$E$25^(W$5-1),$E$25^(W$5-1))*IF($M32="W",1-$F$25^(W$5-1),$F$25^(W$5-1)) -> 0.024542192
H33: 27 | I33: W | J33: W | L33: W | M33: W | N33: =IF($I33="W",1-$B$25^(N$5-1),$B$25^(N$5-1))*IF($J33="W",1-$C$25^(N$5-1),$C$25^(N$5-1))*IF($K33="W",1-$D$25^(N$5-1),$D$25^(N$5-1))*IF($L33="W",1-$E$25^(N$5-1),$E$25^(N$5-1))*IF($M33="W",1-$F$25^(N$5-1),$F$25^(N$5-1)) -> 0 | O33: =IF($I33="W",1-$B$25^(O$5-1),$B$25^(O$5-1))*IF($J33="W",1-$C$25^(O$5-1),$C$25^(O$5-1))*IF($K33="W",1-$D$25^(O$5-1),$D$25^(O$5-1))*IF($L33="W",1-$E$25^(O$5-1),$E$25^(O$5-1))*IF($M33="W",1-$F$25^(O$5-1),$F$25^(O$5-1)) -> 2.4801587e-05 | P33: =IF($I33="W",1-$B$25^(P$5-1),$B$25^(P$5-1))*IF($J33="W",1-$C$25^(P$5-1),$C$25^(P$5-1))*IF($K33="W",1-$D$25^(P$5-1),$D$25^(P$5-1))*IF($L33="W",1-$E$25^(P$5-1),$E$25^(P$5-1))*IF($M33="W",1-$F$25^(P$5-1),$F$25^(P$5-1)) -> 0.00031797025 | Q33: =IF($I33="W",1-$B$25^(Q$5-1),$B$25^(Q$5-1))*IF($J33="W",1-$C$25^(Q$5-1),$C$25^(Q$5-1))*IF($K33="W",1-$D$25^(Q$5-1),$D$25^(Q$5-1))*IF($L33="W",1-$E$25^(Q$5-1),$E$25^(Q$5-1))*IF($M33="W",1-$F$25^(Q$5-1),$F$25^(Q$5-1)) -> 0.0012923091 | R33: =IF($I33="W",1-$B$25^(R$5-1),$B$25^(R$5-1))*IF($J33="W",1-$C$25^(R$5-1),$C$25^(R$5-1))*IF($K33="W",1-$D$25^(R$5-1),$D$25^(R$5-1))*IF($L33="W",1-$E$25^(R$5-1),$E$25^(R$5-1))*IF($M33="W",1-$F$25^(R$5-1),$F$25^(R$5-1)) -> 0.0032852077 | S33: =IF($I33="W",1-$B$25^(S$5-1),$B$25^(S$5-1))*IF($J33="W",1-$C$25^(S$5-1),$C$25^(S$5-1))*IF($K33="W",1-$D$25^(S$5-1),$D$25^(S$5-1))*IF($L33="W",1-$E$25^(S$5-1),$E$25^(S$5-1))*IF($M33="W",1-$F$25^(S$5-1),$F$25^(S$5-1)) -> 0.0064635217 | T33: =IF($I33="W",1-$B$25^(T$5-1),$B$25^(T$5-1))*IF($J33="W",1-$C$25^(T$5-1),$C$25^(T$5-1))*IF($K33="W",1-$D$25^(T$5-1),$D$25^(T$5-1))*IF($L33="W",1-$E$25^(T$5-1),$E$25^(T$5-1))*IF($M33="W",1-$F$25^(T$5-1),$F$25^(T$5-1)) -> 0.010821393 | U33: =IF($I33="W",1-$B$25^(U$5-1),$B$25^(U$5-1))*IF($J33="W",1-$C$25^(U$5-1),$C$25^(U$5-1))*IF($K33="W",1-$D$25^(U$5-1),$D$25^(U$5-1))*IF($L33="W",1-$E$25^(U$5-1),$E$25^(U$5-1))*IF($M33="W",1-$F$25^(U$5-1),$F$25^(U$5-1)) -> 0.016217324 | ... W33: =IF($I33="W",1-$B$25^(W$5-1),$B$25^(W$5-1))*IF($J33="W",1-$C$25^(W$5-1),$C$25^(W$5-1))*IF($K33="W",1-$D$25^(W$5-1),$D$25^(W$5-1))*IF($L33="W",1-$E$25^(W$5-1),$E$25^(W$5-1))*IF($M33="W",1-$F$25^(W$5-1),$F$25^(W$5-1)) -> 0.029162273
H34: 28 | I34: W | J34: W | K34: W | N34: =IF($I34="W",1-$B$25^(N$5-1),$B$25^(N$5-1))*IF($J34="W",1-$C$25^(N$5-1),$C$25^(N$5-1))*IF($K34="W",1-$D$25^(N$5-1),$D$25^(N$5-1))*IF($L34="W",1-$E$25^(N$5-1),$E$25^(N$5-1))*IF($M34="W",1-$F$25^(N$5-1),$F$25^(N$5-1)) -> 0 | O34: =IF($I34="W",1-$B$25^(O$5-1),$B$25^(O$5-1))*IF($J34="W",1-$C$25^(O$5-1),$C$25^(O$5-1))*IF($K34="W",1-$D$25^(O$5-1),$D$25^(O$5-1))*IF($L34="W",1-$E$25^(O$5-1),$E$25^(O$5-1))*IF($M34="W",1-$F$25^(O$5-1),$F$25^(O$5-1)) -> 0.0002518315 | P34: =IF($I34="W",1-$B$25^(P$5-1),$B$25^(P$5-1))*IF($J34="W",1-$C$25^(P$5-1),$C$25^(P$5-1))*IF($K34="W",1-$D$25^(P$5-1),$D$25^(P$5-1))*IF($L34="W",1-$E$25^(P$5-1),$E$25^(P$5-1))*IF($M34="W",1-$F$25^(P$5-1),$F$25^(P$5-1)) -> 0.0015393719 | Q34: =IF($I34="W",1-$B$25^(Q$5-1),$B$25^(Q$5-1))*IF($J34="W",1-$C$25^(Q$5-1),$C$25^(Q$5-1))*IF($K34="W",1-$D$25^(Q$5-1),$D$25^(Q$5-1))*IF($L34="W",1-$E$25^(Q$5-1),$E$25^(Q$5-1))*IF($M34="W",1-$F$25^(Q$5-1),$F$25^(Q$5-1)) -> 0.0039744965 | R34: =IF($I34="W",1-$B$25^(R$5-1),$B$25^(R$5-1))*IF($J34="W",1-$C$25^(R$5-1),$C$25^(R$5-1))*IF($K34="W",1-$D$25^(R$5-1),$D$25^(R$5-1))*IF($L34="W",1-$E$25^(R$5-1),$E$25^(R$5-1))*IF($M34="W",1-$F$25^(R$5-1),$F$25^(R$5-1)) -> 0.0072157872 | S34: =IF($I34="W",1-$B$25^(S$5-1),$B$25^(S$5-1))*IF($J34="W",1-$C$25^(S$5-1),$C$25^(S$5-1))*IF($K34="W",1-$D$25^(S$5-1),$D$25^(S$5-1))*IF($L34="W",1-$E$25^(S$5-1),$E$25^(S$5-1))*IF($M34="W",1-$F$25^(S$5-1),$F$25^(S$5-1)) -> 0.010807341 | T34: =IF($I34="W",1-$B$25^(T$5-1),$B$25^(T$5-1))*IF($J34="W",1-$C$25^(T$5-1),$C$25^(T$5-1))*IF($K34="W",1-$D$25^(T$5-1),$D$25^(T$5-1))*IF($L34="W",1-$E$25^(T$5-1),$E$25^(T$5-1))*IF($M34="W",1-$F$25^(T$5-1),$F$25^(T$5-1)) -> 0.014337926 | U34: =IF($I34="W",1-$B$25^(U$5-1),$B$25^(U$5-1))*IF($J34="W",1-$C$25^(U$5-1),$C$25^(U$5-1))*IF($K34="W",1-$D$25^(U$5-1),$D$25^(U$5-1))*IF($L34="W",1-$E$25^(U$5-1),$E$25^(U$5-1))*IF($M34="W",1-$F$25^(U$5-1),$F$25^(U$5-1)) -> 0.017501192 | ... W34: =IF($I34="W",1-$B$25^(W$5-1),$B$25^(W$5-1))*IF($J34="W",1-$C$25^(W$5-1),$C$25^(W$5-1))*IF($K34="W",1-$D$25^(W$5-1),$D$25^(W$5-1))*IF($L34="W",1-$E$25^(W$5-1),$E$25^(W$5-1))*IF($M34="W",1-$F$25^(W$5-1),$F$25^(W$5-1)) -> 0.022056054
H35: 29 | I35: W | J35: W | K35: W | M35: W | N35: =IF($I35="W",1-$B$25^(N$5-1),$B$25^(N$5-1))*IF($J35="W",1-$C$25^(N$5-1),$C$25^(N$5-1))*IF($K35="W",1-$D$25^(N$5-1),$D$25^(N$5-1))*IF($L35="W",1-$E$25^(N$5-1),$E$25^(N$5-1))*IF($M35="W",1-$F$25^(N$5-1),$F$25^(N$5-1)) -> 0 | O35: =IF($I35="W",1-$B$25^(O$5-1),$B$25^(O$5-1))*IF($J35="W",1-$C$25^(O$5-1),$C$25^(O$5-1))*IF($K35="W",1-$D$25^(O$5-1),$D$25^(O$5-1))*IF($L35="W",1-$E$25^(O$5-1),$E$25^(O$5-1))*IF($M35="W",1-$F$25^(O$5-1),$F$25^(O$5-1)) -> 2.2893773e-05 | P35: =IF($I35="W",1-$B$25^(P$5-1),$B$25^(P$5-1))*IF($J35="W",1-$C$25^(P$5-1),$C$25^(P$5-1))*IF($K35="W",1-$D$25^(P$5-1),$D$25^(P$5-1))*IF($L35="W",1-$E$25^(P$5-1),$E$25^(P$5-1))*IF($M35="W",1-$F$25^(P$5-1),$F$25^(P$5-1)) -> 0.00029260789 | Q35: =IF($I35="W",1-$B$25^(Q$5-1),$B$25^(Q$5-1))*IF($J35="W",1-$C$25^(Q$5-1),$C$25^(Q$5-1))*IF($K35="W",1-$D$25^(Q$5-1),$D$25^(Q$5-1))*IF($L35="W",1-$E$25^(Q$5-1),$E$25^(Q$5-1))*IF($M35="W",1-$F$25^(Q$5-1),$F$25^(Q$5-1)) -> 0.0011854809 | R35: =IF($I35="W",1-$B$25^(R$5-1),$B$25^(R$5-1))*IF($J35="W",1-$C$25^(R$5-1),$C$25^(R$5-1))*IF($K35="W",1-$D$25^(R$5-1),$D$25^(R$5-1))*IF($L35="W",1-$E$25^(R$5-1),$E$25^(R$5-1))*IF($M35="W",1-$F$25^(R$5-1),$F$25^(R$5-1)) -> 0.0030039084 | S35: =IF($I35="W",1-$B$25^(S$5-1),$B$25^(S$5-1))*IF($J35="W",1-$C$25^(S$5-1),$C$25^(S$5-1))*IF($K35="W",1-$D$25^(S$5-1),$D$25^(S$5-1))*IF($L35="W",1-$E$25^(S$5-1),$E$25^(S$5-1))*IF($M35="W",1-$F$25^(S$5-1),$F$25^(S$5-1)) -> 0.0058905517 | T35: =IF($I35="W",1-$B$25^(T$5-1),$B$25^(T$5-1))*IF($J35="W",1-$C$25^(T$5-1),$C$25^(T$5-1))*IF($K35="W",1-$D$25^(T$5-1),$D$25^(T$5-1))*IF($L35="W",1-$E$25^(T$5-1),$E$25^(T$5-1))*IF($M35="W",1-$F$25^(T$5-1),$F$25^(T$5-1)) -> 0.0098287932 | U35: =IF($I35="W",1-$B$25^(U$5-1),$B$25^(U$5-1))*IF($J35="W",1-$C$25^(U$5-1),$C$25^(U$5-1))*IF($K35="W",1-$D$25^(U$5-1),$D$25^(U$5-1))*IF($L35="W",1-$E$25^(U$5-1),$E$25^(U$5-1))*IF($M35="W",1-$F$25^(U$5-1),$F$25^(U$5-1)) -> 0.01467892 | ... W35: =IF($I35="W",1-$B$25^(W$5-1),$B$25^(W$5-1))*IF($J35="W",1-$C$25^(W$5-1),$C$25^(W$5-1))*IF($K35="W",1-$D$25^(W$5-1),$D$25^(W$5-1))*IF($L35="W",1-$E$25^(W$5-1),$E$25^(W$5-1))*IF($M35="W",1-$F$25^(W$5-1),$F$25^(W$5-1)) -> 0.026208119
H36: 30 | I36: W | J36: W | K36: W | L36: W | N36: =IF($I36="W",1-$B$25^(N$5-1),$B$25^(N$5-1))*IF($J36="W",1-$C$25^(N$5-1),$C$25^(N$5-1))*IF($K36="W",1-$D$25^(N$5-1),$D$25^(N$5-1))*IF($L36="W",1-$E$25^(N$5-1),$E$25^(N$5-1))*IF($M36="W",1-$F$25^(N$5-1),$F$25^(N$5-1)) -> 0 | O36: =IF($I36="W",1-$B$25^(O$5-1),$B$25^(O$5-1))*IF($J36="W",1-$C$25^(O$5-1),$C$25^(O$5-1))*IF($K36="W",1-$D$25^(O$5-1),$D$25^(O$5-1))*IF($L36="W",1-$E$25^(O$5-1),$E$25^(O$5-1))*IF($M36="W",1-$F$25^(O$5-1),$F$25^(O$5-1)) -> 2.0985958e-05 | P36: =IF($I36="W",1-$B$25^(P$5-1),$B$25^(P$5-1))*IF($J36="W",1-$C$25^(P$5-1),$C$25^(P$5-1))*IF($K36="W",1-$D$25^(P$5-1),$D$25^(P$5-1))*IF($L36="W",1-$E$25^(P$5-1),$E$25^(P$5-1))*IF($M36="W",1-$F$25^(P$5-1),$F$25^(P$5-1)) -> 0.00026725207 | Q36: =IF($I36="W",1-$B$25^(Q$5-1),$B$25^(Q$5-1))*IF($J36="W",1-$C$25^(Q$5-1),$C$25^(Q$5-1))*IF($K36="W",1-$D$25^(Q$5-1),$D$25^(Q$5-1))*IF($L36="W",1-$E$25^(Q$5-1),$E$25^(Q$5-1))*IF($M36="W",1-$F$25^(Q$5-1),$F$25^(Q$5-1)) -> 0.0010787262 | R36: =IF($I36="W",1-$B$25^(R$5-1),$B$25^(R$5-1))*IF($J36="W",1-$C$25^(R$5-1),$C$25^(R$5-1))*IF($K36="W",1-$D$25^(R$5-1),$D$25^(R$5-1))*IF($L36="W",1-$E$25^(R$5-1),$E$25^(R$5-1))*IF($M36="W",1-$F$25^(R$5-1),$F$25^(R$5-1)) -> 0.0027229714 | S36: =IF($I36="W",1-$B$25^(S$5-1),$B$25^(S$5-1))*IF($J36="W",1-$C$25^(S$5-1),$C$25^(S$5-1))*IF($K36="W",1-$D$25^(S$5-1),$D$25^(S$5-1))*IF($L36="W",1-$E$25^(S$5-1),$E$25^(S$5-1))*IF($M36="W",1-$F$25^(S$5-1),$F$25^(S$5-1)) -> 0.0053187606 | T36: =IF($I36="W",1-$B$25^(T$5-1),$B$25^(T$5-1))*IF($J36="W",1-$C$25^(T$5-1),$C$25^(T$5-1))*IF($K36="W",1-$D$25^(T$5-1),$D$25^(T$5-1))*IF($L36="W",1-$E$25^(T$5-1),$E$25^(T$5-1))*IF($M36="W",1-$F$25^(T$5-1),$F$25^(T$5-1)) -> 0.0088391673 | U36: =IF($I36="W",1-$B$25^(U$5-1),$B$25^(U$5-1))*IF($J36="W",1-$C$25^(U$5-1),$C$25^(U$5-1))*IF($K36="W",1-$D$25^(U$5-1),$D$25^(U$5-1))*IF($L36="W",1-$E$25^(U$5-1),$E$25^(U$5-1))*IF($M36="W",1-$F$25^(U$5-1),$F$25^(U$5-1)) -> 0.013146825 | ... W36: =IF($I36="W",1-$B$25^(W$5-1),$B$25^(W$5-1))*IF($J36="W",1-$C$25^(W$5-1),$C$25^(W$5-1))*IF($K36="W",1-$D$25^(W$5-1),$D$25^(W$5-1))*IF($L36="W",1-$E$25^(W$5-1),$E$25^(W$5-1))*IF($M36="W",1-$F$25^(W$5-1),$F$25^(W$5-1)) -> 0.023274056
H37: 31 | I37: W | J37: W | K37: W | L37: W | M37: W | N37: =IF($I37="W",1-$B$25^(N$5-1),$B$25^(N$5-1))*IF($J37="W",1-$C$25^(N$5-1),$C$25^(N$5-1))*IF($K37="W",1-$D$25^(N$5-1),$D$25^(N$5-1))*IF($L37="W",1-$E$25^(N$5-1),$E$25^(N$5-1))*IF($M37="W",1-$F$25^(N$5-1),$F$25^(N$5-1)) -> 0 | O37: =IF($I37="W",1-$B$25^(O$5-1),$B$25^(O$5-1))*IF($J37="W",1-$C$25^(O$5-1),$C$25^(O$5-1))*IF($K37="W",1-$D$25^(O$5-1),$D$25^(O$5-1))*IF($L37="W",1-$E$25^(O$5-1),$E$25^(O$5-1))*IF($M37="W",1-$F$25^(O$5-1),$F$25^(O$5-1)) -> 1.9078144e-06 | P37: =IF($I37="W",1-$B$25^(P$5-1),$B$25^(P$5-1))*IF($J37="W",1-$C$25^(P$5-1),$C$25^(P$5-1))*IF($K37="W",1-$D$25^(P$5-1),$D$25^(P$5-1))*IF($L37="W",1-$E$25^(P$5-1),$E$25^(P$5-1))*IF($M37="W",1-$F$25^(P$5-1),$F$25^(P$5-1)) -> 5.0799981e-05 | Q37: =IF($I37="W",1-$B$25^(Q$5-1),$B$25^(Q$5-1))*IF($J37="W",1-$C$25^(Q$5-1),$C$25^(Q$5-1))*IF($K37="W",1-$D$25^(Q$5-1),$D$25^(Q$5-1))*IF($L37="W",1-$E$25^(Q$5-1),$E$25^(Q$5-1))*IF($M37="W",1-$F$25^(Q$5-1),$F$25^(Q$5-1)) -> 0.00032175379 | R37: =IF($I37="W",1-$B$25^(R$5-1),$B$25^(R$5-1))*IF($J37="W",1-$C$25^(R$5-1),$C$25^(R$5-1))*IF($K37="W",1-$D$25^(R$5-1),$D$25^(R$5-1))*IF($L37="W",1-$E$25^(R$5-1),$E$25^(R$5-1))*IF($M37="W",1-$F$25^(R$5-1),$F$25^(R$5-1)) -> 0.001133564 | S37: =IF($I37="W",1-$B$25^(S$5-1),$B$25^(S$5-1))*IF($J37="W",1-$C$25^(S$5-1),$C$25^(S$5-1))*IF($K37="W",1-$D$25^(S$5-1),$D$25^(S$5-1))*IF($L37="W",1-$E$25^(S$5-1),$E$25^(S$5-1))*IF($M37="W",1-$F$25^(S$5-1),$F$25^(S$5-1)) -> 0.0028989955 | T37: =IF($I37="W",1-$B$25^(T$5-1),$B$25^(T$5-1))*IF($J37="W",1-$C$25^(T$5-1),$C$25^(T$5-1))*IF($K37="W",1-$D$25^(T$5-1),$D$25^(T$5-1))*IF($L37="W",1-$E$25^(T$5-1),$E$25^(T$5-1))*IF($M37="W",1-$F$25^(T$5-1),$F$25^(T$5-1)) -> 0.0060593387 | U37: =IF($I37="W",1-$B$25^(U$5-1),$B$25^(U$5-1))*IF($J37="W",1-$C$25^(U$5-1),$C$25^(U$5-1))*IF($K37="W",1-$D$25^(U$5-1),$D$25^(U$5-1))*IF($L37="W",1-$E$25^(U$5-1),$E$25^(U$5-1))*IF($M37="W",1-$F$25^(U$5-1),$F$25^(U$5-1)) -> 0.011026745 | ... W37: =IF($I37="W",1-$B$25^(W$5-1),$B$25^(W$5-1))*IF($J37="W",1-$C$25^(W$5-1),$C$25^(W$5-1))*IF($K37="W",1-$D$25^(W$5-1),$D$25^(W$5-1))*IF($L37="W",1-$E$25^(W$5-1),$E$25^(W$5-1))*IF($M37="W",1-$F$25^(W$5-1),$F$25^(W$5-1)) -> 0.027655411
H39: 每把機率合計 | N39: =SUM(N$6:N$37) -> 1 | O39: =SUM(O$6:O$37) -> 1 | P39: =SUM(P$6:P$37) -> 1 | Q39: =SUM(Q$6:Q$37) -> 1 | R39: =SUM(R$6:R$37) -> 1 | S39: =SUM(S$6:S$37) -> 1 | T39: =SUM(T$6:T$37) -> 1 | U39: =SUM(U$6:U$37) -> 1 | ... W39: =SUM(W$6:W$37) -> 1

Sheet Transition Matrix
A1: Sticky Wild 轉移矩陣 M[to,from]
A2: 單把轉移矩陣；欄是 current state，列是 next state。已黏住的 W 不會消失，因此 next state 必須包含 current state。
A3: To \ From | B3: =DEC2BIN(0,5) -> 00000 | C3: =DEC2BIN(1,5) -> 00001 | D3: =DEC2BIN(2,5) -> 00010 | E3: =DEC2BIN(3,5) -> 00011 | F3: =DEC2BIN(4,5) -> 00100 | G3: =DEC2BIN(5,5) -> 00101 | H3: =DEC2BIN(6,5) -> 00110 | I3: =DEC2BIN(7,5) -> 00111 | J3: =DEC2BIN(8,5) -> 01000 | K3: =DEC2BIN(9,5) -> 01001 | L3: =DEC2BIN(10,5) -> 01010 | M3: =DEC2BIN(11,5) -> 01011 | N3: =DEC2BIN(12,5) -> 01100 | O3: =DEC2BIN(13,5) -> 01101 | P3: =DEC2BIN(14,5) -> 01110 | Q3: =DEC2BIN(15,5) -> 01111 | R3: =DEC2BIN(16,5) -> 10000 | S3: =DEC2BIN(17,5) -> 10001 | T3: =DEC2BIN(18,5) -> 10010 | U3: =DEC2BIN(19,5) -> 10011 | V3: =DEC2BIN(20,5) -> 10100 | W3: =DEC2BIN(21,5) -> 10101 | X3: =DEC2BIN(22,5) -> 10110 | Y3: =DEC2BIN(23,5) -> 10111 | Z3: =DEC2BIN(24,5) -> 11000 | AA3: =DEC2BIN(25,5) -> 11001 | AB3: =DEC2BIN(26,5) -> 11010 | AC3: =DEC2BIN(27,5) -> 11011 | AD3: =DEC2BIN(28,5) -> 11100 | AE3: =DEC2BIN(29,5) -> 11101 | AF3: =DEC2BIN(30,5) -> 11110 | AG3: =DEC2BIN(31,5) -> 11111
A4: =DEC2BIN(0,5) -> 00000 | B4: ='Sticky Wild'!$B$25*'Sticky Wild'!$C$25*'Sticky Wild'!$D$25*'Sticky Wild'!$E$25*'Sticky Wild'!$F$25 -> 0.6875 | C4: ='Sticky Wild'!$B$25*'Sticky Wild'!$C$25*'Sticky Wild'!$D$25*'Sticky Wild'!$E$25*0 -> 0 | D4: ='Sticky Wild'!$B$25*'Sticky Wild'!$C$25*'Sticky Wild'!$D$25*0*'Sticky Wild'!$F$25 -> 0 | E4: ='Sticky Wild'!$B$25*'Sticky Wild'!$C$25*'Sticky Wild'!$D$25*0*0 -> 0 | F4: ='Sticky Wild'!$B$25*'Sticky Wild'!$C$25*0*'Sticky Wild'!$E$25*'Sticky Wild'!$F$25 -> 0 | G4: ='Sticky Wild'!$B$25*'Sticky Wild'!$C$25*0*'Sticky Wild'!$E$25*0 -> 0 | H4: ='Sticky Wild'!$B$25*'Sticky Wild'!$C$25*0*0*'Sticky Wild'!$F$25 -> 0 | I4: ='Sticky Wild'!$B$25*'Sticky Wild'!$C$25*0*0*0 -> 0 | J4: ='Sticky Wild'!$B$25*0*'Sticky Wild'!$D$25*'Sticky Wild'!$E$25*'Sticky Wild'!$F$25 -> 0 | K4: ='Sticky Wild'!$B$25*0*'Sticky Wild'!$D$25*'Sticky Wild'!$E$25*0 -> 0 | L4: ='Sticky Wild'!$B$25*0*'Sticky Wild'!$D$25*0*'Sticky Wild'!$F$25 -> 0 | M4: ='Sticky Wild'!$B$25*0*'Sticky Wild'!$D$25*0*0 -> 0 | N4: ='Sticky Wild'!$B$25*0*0*'Sticky Wild'!$E$25*'Sticky Wild'!$F$25 -> 0 | O4: ='Sticky Wild'!$B$25*0*0*'Sticky Wild'!$E$25*0 -> 0 | P4: ='Sticky Wild'!$B$25*0*0*0*'Sticky Wild'!$F$25 -> 0 | Q4: ='Sticky Wild'!$B$25*0*0*0*0 -> 0 | R4: =0*'Sticky Wild'!$C$25*'Sticky Wild'!$D$25*'Sticky Wild'!$E$25*'Sticky Wild'!$F$25 -> 0 | S4: =0*'Sticky Wild'!$C$25*'Sticky Wild'!$D$25*'Sticky Wild'!$E$25*0 -> 0 | T4: =0*'Sticky Wild'!$C$25*'Sticky Wild'!$D$25*0*'Sticky Wild'!$F$25 -> 0 | U4: =0*'Sticky Wild'!$C$25*'Sticky Wild'!$D$25*0*0 -> 0 | V4: =0*'Sticky Wild'!$C$25*0*'Sticky Wild'!$E$25*'Sticky Wild'!$F$25 -> 0 | W4: =0*'Sticky Wild'!$C$25*0*'Sticky Wild'!$E$25*0 -> 0 | X4: =0*'Sticky Wild'!$C$25*0*0*'Sticky Wild'!$F$25 -> 0 | Y4: =0*'Sticky Wild'!$C$25*0*0*0 -> 0 | Z4: =0*0*'Sticky Wild'!$D$25*'Sticky Wild'!$E$25*'Sticky Wild'!$F$25 -> 0 | AA4: =0*0*'Sticky Wild'!$D$25*'Sticky Wild'!$E$25*0 -> 0 | AB4: =0*0*'Sticky Wild'!$D$25*0*'Sticky Wild'!$F$25 -> 0 | AC4: =0*0*'Sticky Wild'!$D$25*0*0 -> 0 | AD4: =0*0*0*'Sticky Wild'!$E$25*'Sticky Wild'!$F$25 -> 0 | AE4: =0*0*0*'Sticky Wild'!$E$25*0 -> 0 | AF4: =0*0*0*0*'Sticky Wild'!$F$25 -> 0 | AG4: =0*0*0*0*0 -> 0
A5: =DEC2BIN(1,5) -> 00001 | B5: ='Sticky Wild'!$B$25*'Sticky Wild'!$C$25*'Sticky Wild'!$D$25*'Sticky Wild'!$E$25*(1-'Sticky Wild'!$F$25) -> 0.0625 | C5: ='Sticky Wild'!$B$25*'Sticky Wild'!$C$25*'Sticky Wild'!$D$25*'Sticky Wild'!$E$25*1 -> 0.75 | D5: ='Sticky Wild'!$B$25*'Sticky Wild'!$C$25*'Sticky Wild'!$D$25*0*(1-'Sticky Wild'!$F$25) -> 0 | E5: ='Sticky Wild'!$B$25*'Sticky Wild'!$C$25*'Sticky Wild'!$D$25*0*1 -> 0 | F5: ='Sticky Wild'!$B$25*'Sticky Wild'!$C$25*0*'Sticky Wild'!$E$25*(1-'Sticky Wild'!$F$25) -> 0 | G5: ='Sticky Wild'!$B$25*'Sticky Wild'!$C$25*0*'Sticky Wild'!$E$25*1 -> 0 | H5: ='Sticky Wild'!$B$25*'Sticky Wild'!$C$25*0*0*(1-'Sticky Wild'!$F$25) -> 0 | I5: ='Sticky Wild'!$B$25*'Sticky Wild'!$C$25*0*0*1 -> 0 | J5: ='Sticky Wild'!$B$25*0*'Sticky Wild'!$D$25*'Sticky Wild'!$E$25*(1-'Sticky Wild'!$F$25) -> 0 | K5: ='Sticky Wild'!$B$25*0*'Sticky Wild'!$D$25*'Sticky Wild'!$E$25*1 -> 0 | L5: ='Sticky Wild'!$B$25*0*'Sticky Wild'!$D$25*0*(1-'Sticky Wild'!$F$25) -> 0 | M5: ='Sticky Wild'!$B$25*0*'Sticky Wild'!$D$25*0*1 -> 0 | N5: ='Sticky Wild'!$B$25*0*0*'Sticky Wild'!$E$25*(1-'Sticky Wild'!$F$25) -> 0 | O5: ='Sticky Wild'!$B$25*0*0*'Sticky Wild'!$E$25*1 -> 0 | P5: ='Sticky Wild'!$B$25*0*0*0*(1-'Sticky Wild'!$F$25) -> 0 | Q5: ='Sticky Wild'!$B$25*0*0*0*1 -> 0 | R5: =0*'Sticky Wild'!$C$25*'Sticky Wild'!$D$25*'Sticky Wild'!$E$25*(1-'Sticky Wild'!$F$25) -> 0 | S5: =0*'Sticky Wild'!$C$25*'Sticky Wild'!$D$25*'Sticky Wild'!$E$25*1 -> 0 | T5: =0*'Sticky Wild'!$C$25*'Sticky Wild'!$D$25*0*(1-'Sticky Wild'!$F$25) -> 0 | U5: =0*'Sticky Wild'!$C$25*'Sticky Wild'!$D$25*0*1 -> 0 | V5: =0*'Sticky Wild'!$C$25*0*'Sticky Wild'!$E$25*(1-'Sticky Wild'!$F$25) -> 0 | W5: =0*'Sticky Wild'!$C$25*0*'Sticky Wild'!$E$25*1 -> 0 | X5: =0*'Sticky Wild'!$C$25*0*0*(1-'Sticky Wild'!$F$25) -> 0 | Y5: =0*'Sticky Wild'!$C$25*0*0*1 -> 0 | Z5: =0*0*'Sticky Wild'!$D$25*'Sticky Wild'!$E$25*(1-'Sticky Wild'!$F$25) -> 0 | AA5: =0*0*'Sticky Wild'!$D$25*'Sticky Wild'!$E$25*1 -> 0 | AB5: =0*0*'Sticky Wild'!$D$25*0*(1-'Sticky Wild'!$F$25) -> 0 | AC5: =0*0*'Sticky Wild'!$D$25*0*1 -> 0 | AD5: =0*0*0*'Sticky Wild'!$E$25*(1-'Sticky Wild'!$F$25) -> 0 | AE5: =0*0*0*'Sticky Wild'!$E$25*1 -> 0 | AF5: =0*0*0*0*(1-'Sticky Wild'!$F$25) -> 0 | AG5: =0*0*0*0*1 -> 0
A6: =DEC2BIN(2,5) -> 00010 | B6: ='Sticky Wild'!$B$25*'Sticky Wild'!$C$25*'Sticky Wild'!$D$25*(1-'Sticky Wild'!$E$25)*'Sticky Wild'!$F$25 -> 0.057291667 | C6: ='Sticky Wild'!$B$25*'Sticky Wild'!$C$25*'Sticky Wild'!$D$25*(1-'Sticky Wild'!$E$25)*0 -> 0 | D6: ='Sticky Wild'!$B$25*'Sticky Wild'!$C$25*'Sticky Wild'!$D$25*1*'Sticky Wild'!$F$25 -> 0.74479167 | E6: ='Sticky Wild'!$B$25*'Sticky Wild'!$C$25*'Sticky Wild'!$D$25*1*0 -> 0 | F6: ='Sticky Wild'!$B$25*'Sticky Wild'!$C$25*0*(1-'Sticky Wild'!$E$25)*'Sticky Wild'!$F$25 -> 0 | G6: ='Sticky Wild'!$B$25*'Sticky Wild'!$C$25*0*(1-'Sticky Wild'!$E$25)*0 -> 0 | H6: ='Sticky Wild'!$B$25*'Sticky Wild'!$C$25*0*1*'Sticky Wild'!$F$25 -> 0 | I6: ='Sticky Wild'!$B$25*'Sticky Wild'!$C$25*0*1*0 -> 0 | J6: ='Sticky Wild'!$B$25*0*'Sticky Wild'!$D$25*(1-'Sticky Wild'!$E$25)*'Sticky Wild'!$F$25 -> 0 | K6: ='Sticky Wild'!$B$25*0*'Sticky Wild'!$D$25*(1-'Sticky Wild'!$E$25)*0 -> 0 | L6: ='Sticky Wild'!$B$25*0*'Sticky Wild'!$D$25*1*'Sticky Wild'!$F$25 -> 0 | M6: ='Sticky Wild'!$B$25*0*'Sticky Wild'!$D$25*1*0 -> 0 | N6: ='Sticky Wild'!$B$25*0*0*(1-'Sticky Wild'!$E$25)*'Sticky Wild'!$F$25 -> 0 | O6: ='Sticky Wild'!$B$25*0*0*(1-'Sticky Wild'!$E$25)*0 -> 0 | P6: ='Sticky Wild'!$B$25*0*0*1*'Sticky Wild'!$F$25 -> 0 | Q6: ='Sticky Wild'!$B$25*0*0*1*0 -> 0 | R6: =0*'Sticky Wild'!$C$25*'Sticky Wild'!$D$25*(1-'Sticky Wild'!$E$25)*'Sticky Wild'!$F$25 -> 0 | S6: =0*'Sticky Wild'!$C$25*'Sticky Wild'!$D$25*(1-'Sticky Wild'!$E$25)*0 -> 0 | T6: =0*'Sticky Wild'!$C$25*'Sticky Wild'!$D$25*1*'Sticky Wild'!$F$25 -> 0 | U6: =0*'Sticky Wild'!$C$25*'Sticky Wild'!$D$25*1*0 -> 0 | V6: =0*'Sticky Wild'!$C$25*0*(1-'Sticky Wild'!$E$25)*'Sticky Wild'!$F$25 -> 0 | W6: =0*'Sticky Wild'!$C$25*0*(1-'Sticky Wild'!$E$25)*0 -> 0 | X6: =0*'Sticky Wild'!$C$25*0*1*'Sticky Wild'!$F$25 -> 0 | Y6: =0*'Sticky Wild'!$C$25*0*1*0 -> 0 | Z6: =0*0*'Sticky Wild'!$D$25*(1-'Sticky Wild'!$E$25)*'Sticky Wild'!$F$25 -> 0 | AA6: =0*0*'Sticky Wild'!$D$25*(1-'Sticky Wild'!$E$25)*0 -> 0 | AB6: =0*0*'Sticky Wild'!$D$25*1*'Sticky Wild'!$F$25 -> 0 | AC6: =0*0*'Sticky Wild'!$D$25*1*0 -> 0 | AD6: =0*0*0*(1-'Sticky Wild'!$E$25)*'Sticky Wild'!$F$25 -> 0 | AE6: =0*0*0*(1-'Sticky Wild'!$E$25)*0 -> 0 | AF6: =0*0*0*1*'Sticky Wild'!$F$25 -> 0 | AG6: =0*0*0*1*0 -> 0
A7: =DEC2BIN(3,5) -> 00011 | B7: ='Sticky Wild'!$B$25*'Sticky Wild'!$C$25*'Sticky Wild'!$D$25*(1-'Sticky Wild'!$E$25)*(1-'Sticky Wild'!$F$25) -> 0.0052083333 | C7: ='Sticky Wild'!$B$25*'Sticky Wild'!$C$25*'Sticky Wild'!$D$25*(1-'Sticky Wild'!$E$25)*1 -> 0.0625 | D7: ='Sticky Wild'!$B$25*'Sticky Wild'!$C$25*'Sticky Wild'!$D$25*1*(1-'Sticky Wild'!$F$25) -> 0.067708333 | E7: ='Sticky Wild'!$B$25*'Sticky Wild'!$C$25*'Sticky Wild'!$D$25*1*1 -> 0.8125 | F7: ='Sticky Wild'!$B$25*'Sticky Wild'!$C$25*0*(1-'Sticky Wild'!$E$25)*(1-'Sticky Wild'!$F$25) -> 0 | G7: ='Sticky Wild'!$B$25*'Sticky Wild'!$C$25*0*(1-'Sticky Wild'!$E$25)*1 -> 0 | H7: ='Sticky Wild'!$B$25*'Sticky Wild'!$C$25*0*1*(1-'Sticky Wild'!$F$25) -> 0 | I7: ='Sticky Wild'!$B$25*'Sticky Wild'!$C$25*0*1*1 -> 0 | J7: ='Sticky Wild'!$B$25*0*'Sticky Wild'!$D$25*(1-'Sticky Wild'!$E$25)*(1-'Sticky Wild'!$F$25) -> 0 | K7: ='Sticky Wild'!$B$25*0*'Sticky Wild'!$D$25*(1-'Sticky Wild'!$E$25)*1 -> 0 | L7: ='Sticky Wild'!$B$25*0*'Sticky Wild'!$D$25*1*(1-'Sticky Wild'!$F$25) -> 0 | M7: ='Sticky Wild'!$B$25*0*'Sticky Wild'!$D$25*1*1 -> 0 | N7: ='Sticky Wild'!$B$25*0*0*(1-'Sticky Wild'!$E$25)*(1-'Sticky Wild'!$F$25) -> 0 | O7: ='Sticky Wild'!$B$25*0*0*(1-'Sticky Wild'!$E$25)*1 -> 0 | P7: ='Sticky Wild'!$B$25*0*0*1*(1-'Sticky Wild'!$F$25) -> 0 | Q7: ='Sticky Wild'!$B$25*0*0*1*1 -> 0 | R7: =0*'Sticky Wild'!$C$25*'Sticky Wild'!$D$25*(1-'Sticky Wild'!$E$25)*(1-'Sticky Wild'!$F$25) -> 0 | S7: =0*'Sticky Wild'!$C$25*'Sticky Wild'!$D$25*(1-'Sticky Wild'!$E$25)*1 -> 0 | T7: =0*'Sticky Wild'!$C$25*'Sticky Wild'!$D$25*1*(1-'Sticky Wild'!$F$25) -> 0 | U7: =0*'Sticky Wild'!$C$25*'Sticky Wild'!$D$25*1*1 -> 0 | V7: =0*'Sticky Wild'!$C$25*0*(1-'Sticky Wild'!$E$25)*(1-'Sticky Wild'!$F$25) -> 0 | W7: =0*'Sticky Wild'!$C$25*0*(1-'Sticky Wild'!$E$25)*1 -> 0 | X7: =0*'Sticky Wild'!$C$25*0*1*(1-'Sticky Wild'!$F$25) -> 0 | Y7: =0*'Sticky Wild'!$C$25*0*1*1 -> 0 | Z7: =0*0*'Sticky Wild'!$D$25*(1-'Sticky Wild'!$E$25)*(1-'Sticky Wild'!$F$25) -> 0 | AA7: =0*0*'Sticky Wild'!$D$25*(1-'Sticky Wild'!$E$25)*1 -> 0 | AB7: =0*0*'Sticky Wild'!$D$25*1*(1-'Sticky Wild'!$F$25) -> 0 | AC7: =0*0*'Sticky Wild'!$D$25*1*1 -> 0 | AD7: =0*0*0*(1-'Sticky Wild'!$E$25)*(1-'Sticky Wild'!$F$25) -> 0 | AE7: =0*0*0*(1-'Sticky Wild'!$E$25)*1 -> 0 | AF7: =0*0*0*1*(1-'Sticky Wild'!$F$25) -> 0 | AG7: =0*0*0*1*1 -> 0
A8: =DEC2BIN(4,5) -> 00100 | B8: ='Sticky Wild'!$B$25*'Sticky Wild'!$C$25*(1-'Sticky Wild'!$D$25)*'Sticky Wild'!$E$25*'Sticky Wild'!$F$25 -> 0.052884615 | C8: ='Sticky Wild'!$B$25*'Sticky Wild'!$C$25*(1-'Sticky Wild'!$D$25)*'Sticky Wild'!$E$25*0 -> 0 | D8: ='Sticky Wild'!$B$25*'Sticky Wild'!$C$25*(1-'Sticky Wild'!$D$25)*0*'Sticky Wild'!$F$25 -> 0 | E8: ='Sticky Wild'!$B$25*'Sticky Wild'!$C$25*(1-'Sticky Wild'!$D$25)*0*0 -> 0 | F8: ='Sticky Wild'!$B$25*'Sticky Wild'!$C$25*1*'Sticky Wild'!$E$25*'Sticky Wild'!$F$25 -> 0.74038462 | G8: ='Sticky Wild'!$B$25*'Sticky Wild'!$C$25*1*'Sticky Wild'!$E$25*0 -> 0 | H8: ='Sticky Wild'!$B$25*'Sticky Wild'!$C$25*1*0*'Sticky Wild'!$F$25 -> 0 | I8: ='Sticky Wild'!$B$25*'Sticky Wild'!$C$25*1*0*0 -> 0 | J8: ='Sticky Wild'!$B$25*0*(1-'Sticky Wild'!$D$25)*'Sticky Wild'!$E$25*'Sticky Wild'!$F$25 -> 0 | K8: ='Sticky Wild'!$B$25*0*(1-'Sticky Wild'!$D$25)*'Sticky Wild'!$E$25*0 -> 0 | L8: ='Sticky Wild'!$B$25*0*(1-'Sticky Wild'!$D$25)*0*'Sticky Wild'!$F$25 -> 0 | M8: ='Sticky Wild'!$B$25*0*(1-'Sticky Wild'!$D$25)*0*0 -> 0 | N8: ='Sticky Wild'!$B$25*0*1*'Sticky Wild'!$E$25*'Sticky Wild'!$F$25 -> 0 | O8: ='Sticky Wild'!$B$25*0*1*'Sticky Wild'!$E$25*0 -> 0 | P8: ='Sticky Wild'!$B$25*0*1*0*'Sticky Wild'!$F$25 -> 0 | Q8: ='Sticky Wild'!$B$25*0*1*0*0 -> 0 | R8: =0*'Sticky Wild'!$C$25*(1-'Sticky Wild'!$D$25)*'Sticky Wild'!$E$25*'Sticky Wild'!$F$25 -> 0 | S8: =0*'Sticky Wild'!$C$25*(1-'Sticky Wild'!$D$25)*'Sticky Wild'!$E$25*0 -> 0 | T8: =0*'Sticky Wild'!$C$25*(1-'Sticky Wild'!$D$25)*0*'Sticky Wild'!$F$25 -> 0 | U8: =0*'Sticky Wild'!$C$25*(1-'Sticky Wild'!$D$25)*0*0 -> 0 | V8: =0*'Sticky Wild'!$C$25*1*'Sticky Wild'!$E$25*'Sticky Wild'!$F$25 -> 0 | W8: =0*'Sticky Wild'!$C$25*1*'Sticky Wild'!$E$25*0 -> 0 | X8: =0*'Sticky Wild'!$C$25*1*0*'Sticky Wild'!$F$25 -> 0 | Y8: =0*'Sticky Wild'!$C$25*1*0*0 -> 0 | Z8: =0*0*(1-'Sticky Wild'!$D$25)*'Sticky Wild'!$E$25*'Sticky Wild'!$F$25 -> 0 | AA8: =0*0*(1-'Sticky Wild'!$D$25)*'Sticky Wild'!$E$25*0 -> 0 | AB8: =0*0*(1-'Sticky Wild'!$D$25)*0*'Sticky Wild'!$F$25 -> 0 | AC8: =0*0*(1-'Sticky Wild'!$D$25)*0*0 -> 0 | AD8: =0*0*1*'Sticky Wild'!$E$25*'Sticky Wild'!$F$25 -> 0 | AE8: =0*0*1*'Sticky Wild'!$E$25*0 -> 0 | AF8: =0*0*1*0*'Sticky Wild'!$F$25 -> 0 | AG8: =0*0*1*0*0 -> 0
A9: =DEC2BIN(5,5) -> 00101 | B9: ='Sticky Wild'!$B$25*'Sticky Wild'!$C$25*(1-'Sticky Wild'!$D$25)*'Sticky Wild'!$E$25*(1-'Sticky Wild'!$F$25) -> 0.0048076923 | C9: ='Sticky Wild'!$B$25*'Sticky Wild'!$C$25*(1-'Sticky Wild'!$D$25)*'Sticky Wild'!$E$25*1 -> 0.057692308 | D9: ='Sticky Wild'!$B$25*'Sticky Wild'!$C$25*(1-'Sticky Wild'!$D$25)*0*(1-'Sticky Wild'!$F$25) -> 0 | E9: ='Sticky Wild'!$B$25*'Sticky Wild'!$C$25*(1-'Sticky Wild'!$D$25)*0*1 -> 0 | F9: ='Sticky Wild'!$B$25*'Sticky Wild'!$C$25*1*'Sticky Wild'!$E$25*(1-'Sticky Wild'!$F$25) -> 0.067307692 | G9: ='Sticky Wild'!$B$25*'Sticky Wild'!$C$25*1*'Sticky Wild'!$E$25*1 -> 0.80769231 | H9: ='Sticky Wild'!$B$25*'Sticky Wild'!$C$25*1*0*(1-'Sticky Wild'!$F$25) -> 0 | I9: ='Sticky Wild'!$B$25*'Sticky Wild'!$C$25*1*0*1 -> 0 | J9: ='Sticky Wild'!$B$25*0*(1-'Sticky Wild'!$D$25)*'Sticky Wild'!$E$25*(1-'Sticky Wild'!$F$25) -> 0 | K9: ='Sticky Wild'!$B$25*0*(1-'Sticky Wild'!$D$25)*'Sticky Wild'!$E$25*1 -> 0 | L9: ='Sticky Wild'!$B$25*0*(1-'Sticky Wild'!$D$25)*0*(1-'Sticky Wild'!$F$25) -> 0 | M9: ='Sticky Wild'!$B$25*0*(1-'Sticky Wild'!$D$25)*0*1 -> 0 | N9: ='Sticky Wild'!$B$25*0*1*'Sticky Wild'!$E$25*(1-'Sticky Wild'!$F$25) -> 0 | O9: ='Sticky Wild'!$B$25*0*1*'Sticky Wild'!$E$25*1 -> 0 | P9: ='Sticky Wild'!$B$25*0*1*0*(1-'Sticky Wild'!$F$25) -> 0 | Q9: ='Sticky Wild'!$B$25*0*1*0*1 -> 0 | R9: =0*'Sticky Wild'!$C$25*(1-'Sticky Wild'!$D$25)*'Sticky Wild'!$E$25*(1-'Sticky Wild'!$F$25) -> 0 | S9: =0*'Sticky Wild'!$C$25*(1-'Sticky Wild'!$D$25)*'Sticky Wild'!$E$25*1 -> 0 | T9: =0*'Sticky Wild'!$C$25*(1-'Sticky Wild'!$D$25)*0*(1-'Sticky Wild'!$F$25) -> 0 | U9: =0*'Sticky Wild'!$C$25*(1-'Sticky Wild'!$D$25)*0*1 -> 0 | V9: =0*'Sticky Wild'!$C$25*1*'Sticky Wild'!$E$25*(1-'Sticky Wild'!$F$25) -> 0 | W9: =0*'Sticky Wild'!$C$25*1*'Sticky Wild'!$E$25*1 -> 0 | X9: =0*'Sticky Wild'!$C$25*1*0*(1-'Sticky Wild'!$F$25) -> 0 | Y9: =0*'Sticky Wild'!$C$25*1*0*1 -> 0 | Z9: =0*0*(1-'Sticky Wild'!$D$25)*'Sticky Wild'!$E$25*(1-'Sticky Wild'!$F$25) -> 0 | AA9: =0*0*(1-'Sticky Wild'!$D$25)*'Sticky Wild'!$E$25*1 -> 0 | AB9: =0*0*(1-'Sticky Wild'!$D$25)*0*(1-'Sticky Wild'!$F$25) -> 0 | AC9: =0*0*(1-'Sticky Wild'!$D$25)*0*1 -> 0 | AD9: =0*0*1*'Sticky Wild'!$E$25*(1-'Sticky Wild'!$F$25) -> 0 | AE9: =0*0*1*'Sticky Wild'!$E$25*1 -> 0 | AF9: =0*0*1*0*(1-'Sticky Wild'!$F$25) -> 0 | AG9: =0*0*1*0*1 -> 0
A10: =DEC2BIN(6,5) -> 00110 | B10: ='Sticky Wild'!$B$25*'Sticky Wild'!$C$25*(1-'Sticky Wild'!$D$25)*(1-'Sticky Wild'!$E$25)*'Sticky Wild'!$F$25 -> 0.0044070513 | C10: ='Sticky Wild'!$B$25*'Sticky Wild'!$C$25*(1-'Sticky Wild'!$D$25)*(1-'Sticky Wild'!$E$25)*0 -> 0 | D10: ='Sticky Wild'!$B$25*'Sticky Wild'!$C$25*(1-'Sticky Wild'!$D$25)*1*'Sticky Wild'!$F$25 -> 0.057291667 | E10: ='Sticky Wild'!$B$25*'Sticky Wild'!$C$25*(1-'Sticky Wild'!$D$25)*1*0 -> 0 | F10: ='Sticky Wild'!$B$25*'Sticky Wild'!$C$25*1*(1-'Sticky Wild'!$E$25)*'Sticky Wild'!$F$25 -> 0.061698718 | G10: ='Sticky Wild'!$B$25*'Sticky Wild'!$C$25*1*(1-'Sticky Wild'!$E$25)*0 -> 0 | H10: ='Sticky Wild'!$B$25*'Sticky Wild'!$C$25*1*1*'Sticky Wild'!$F$25 -> 0.80208333 | I10: ='Sticky Wild'!$B$25*'Sticky Wild'!$C$25*1*1*0 -> 0 | J10: ='Sticky Wild'!$B$25*0*(1-'Sticky Wild'!$D$25)*(1-'Sticky Wild'!$E$25)*'Sticky Wild'!$F$25 -> 0 | K10: ='Sticky Wild'!$B$25*0*(1-'Sticky Wild'!$D$25)*(1-'Sticky Wild'!$E$25)*0 -> 0 | L10: ='Sticky Wild'!$B$25*0*(1-'Sticky Wild'!$D$25)*1*'Sticky Wild'!$F$25 -> 0 | M10: ='Sticky Wild'!$B$25*0*(1-'Sticky Wild'!$D$25)*1*0 -> 0 | N10: ='Sticky Wild'!$B$25*0*1*(1-'Sticky Wild'!$E$25)*'Sticky Wild'!$F$25 -> 0 | O10: ='Sticky Wild'!$B$25*0*1*(1-'Sticky Wild'!$E$25)*0 -> 0 | P10: ='Sticky Wild'!$B$25*0*1*1*'Sticky Wild'!$F$25 -> 0 | Q10: ='Sticky Wild'!$B$25*0*1*1*0 -> 0 | R10: =0*'Sticky Wild'!$C$25*(1-'Sticky Wild'!$D$25)*(1-'Sticky Wild'!$E$25)*'Sticky Wild'!$F$25 -> 0 | S10: =0*'Sticky Wild'!$C$25*(1-'Sticky Wild'!$D$25)*(1-'Sticky Wild'!$E$25)*0 -> 0 | T10: =0*'Sticky Wild'!$C$25*(1-'Sticky Wild'!$D$25)*1*'Sticky Wild'!$F$25 -> 0 | U10: =0*'Sticky Wild'!$C$25*(1-'Sticky Wild'!$D$25)*1*0 -> 0 | V10: =0*'Sticky Wild'!$C$25*1*(1-'Sticky Wild'!$E$25)*'Sticky Wild'!$F$25 -> 0 | W10: =0*'Sticky Wild'!$C$25*1*(1-'Sticky Wild'!$E$25)*0 -> 0 | X10: =0*'Sticky Wild'!$C$25*1*1*'Sticky Wild'!$F$25 -> 0 | Y10: =0*'Sticky Wild'!$C$25*1*1*0 -> 0 | Z10: =0*0*(1-'Sticky Wild'!$D$25)*(1-'Sticky Wild'!$E$25)*'Sticky Wild'!$F$25 -> 0 | AA10: =0*0*(1-'Sticky Wild'!$D$25)*(1-'Sticky Wild'!$E$25)*0 -> 0 | AB10: =0*0*(1-'Sticky Wild'!$D$25)*1*'Sticky Wild'!$F$25 -> 0 | AC10: =0*0*(1-'Sticky Wild'!$D$25)*1*0 -> 0 | AD10: =0*0*1*(1-'Sticky Wild'!$E$25)*'Sticky Wild'!$F$25 -> 0 | AE10: =0*0*1*(1-'Sticky Wild'!$E$25)*0 -> 0 | AF10: =0*0*1*1*'Sticky Wild'!$F$25 -> 0 | AG10: =0*0*1*1*0 -> 0
A11: =DEC2BIN(7,5) -> 00111 | B11: ='Sticky Wild'!$B$25*'Sticky Wild'!$C$25*(1-'Sticky Wild'!$D$25)*(1-'Sticky Wild'!$E$25)*(1-'Sticky Wild'!$F$25) -> 0.00040064103 | C11: ='Sticky Wild'!$B$25*'Sticky Wild'!$C$25*(1-'Sticky Wild'!$D$25)*(1-'Sticky Wild'!$E$25)*1 -> 0.0048076923 | D11: ='Sticky Wild'!$B$25*'Sticky Wild'!$C$25*(1-'Sticky Wild'!$D$25)*1*(1-'Sticky Wild'!$F$25) -> 0.0052083333 | E11: ='Sticky Wild'!$B$25*'Sticky Wild'!$C$25*(1-'Sticky Wild'!$D$25)*1*1 -> 0.0625 | F11: ='Sticky Wild'!$B$25*'Sticky Wild'!$C$25*1*(1-'Sticky Wild'!$E$25)*(1-'Sticky Wild'!$F$25) -> 0.0056089744 | G11: ='Sticky Wild'!$B$25*'Sticky Wild'!$C$25*1*(1-'Sticky Wild'!$E$25)*1 -> 0.067307692 | H11: ='Sticky Wild'!$B$25*'Sticky Wild'!$C$25*1*1*(1-'Sticky Wild'!$F$25) -> 0.072916667 | I11: ='Sticky Wild'!$B$25*'Sticky Wild'!$C$25*1*1*1 -> 0.875 | J11: ='Sticky Wild'!$B$25*0*(1-'Sticky Wild'!$D$25)*(1-'Sticky Wild'!$E$25)*(1-'Sticky Wild'!$F$25) -> 0 | K11: ='Sticky Wild'!$B$25*0*(1-'Sticky Wild'!$D$25)*(1-'Sticky Wild'!$E$25)*1 -> 0 | L11: ='Sticky Wild'!$B$25*0*(1-'Sticky Wild'!$D$25)*1*(1-'Sticky Wild'!$F$25) -> 0 | M11: ='Sticky Wild'!$B$25*0*(1-'Sticky Wild'!$D$25)*1*1 -> 0 | N11: ='Sticky Wild'!$B$25*0*1*(1-'Sticky Wild'!$E$25)*(1-'Sticky Wild'!$F$25) -> 0 | O11: ='Sticky Wild'!$B$25*0*1*(1-'Sticky Wild'!$E$25)*1 -> 0 | P11: ='Sticky Wild'!$B$25*0*1*1*(1-'Sticky Wild'!$F$25) -> 0 | Q11: ='Sticky Wild'!$B$25*0*1*1*1 -> 0 | R11: =0*'Sticky Wild'!$C$25*(1-'Sticky Wild'!$D$25)*(1-'Sticky Wild'!$E$25)*(1-'Sticky Wild'!$F$25) -> 0 | S11: =0*'Sticky Wild'!$C$25*(1-'Sticky Wild'!$D$25)*(1-'Sticky Wild'!$E$25)*1 -> 0 | T11: =0*'Sticky Wild'!$C$25*(1-'Sticky Wild'!$D$25)*1*(1-'Sticky Wild'!$F$25) -> 0 | U11: =0*'Sticky Wild'!$C$25*(1-'Sticky Wild'!$D$25)*1*1 -> 0 | V11: =0*'Sticky Wild'!$C$25*1*(1-'Sticky Wild'!$E$25)*(1-'Sticky Wild'!$F$25) -> 0 | W11: =0*'Sticky Wild'!$C$25*1*(1-'Sticky Wild'!$E$25)*1 -> 0 | X11: =0*'Sticky Wild'!$C$25*1*1*(1-'Sticky Wild'!$F$25) -> 0 | Y11: =0*'Sticky Wild'!$C$25*1*1*1 -> 0 | Z11: =0*0*(1-'Sticky Wild'!$D$25)*(1-'Sticky Wild'!$E$25)*(1-'Sticky Wild'!$F$25) -> 0 | AA11: =0*0*(1-'Sticky Wild'!$D$25)*(1-'Sticky Wild'!$E$25)*1 -> 0 | AB11: =0*0*(1-'Sticky Wild'!$D$25)*1*(1-'Sticky Wild'!$F$25) -> 0 | AC11: =0*0*(1-'Sticky Wild'!$D$25)*1*1 -> 0 | AD11: =0*0*1*(1-'Sticky Wild'!$E$25)*(1-'Sticky Wild'!$F$25) -> 0 | AE11: =0*0*1*(1-'Sticky Wild'!$E$25)*1 -> 0 | AF11: =0*0*1*1*(1-'Sticky Wild'!$F$25) -> 0 | AG11: =0*0*1*1*1 -> 0
A12: =DEC2BIN(8,5) -> 01000 | B12: ='Sticky Wild'!$B$25*(1-'Sticky Wild'!$C$25)*'Sticky Wild'!$D$25*'Sticky Wild'!$E$25*'Sticky Wild'!$F$25 -> 0.049107143 | C12: ='Sticky Wild'!$B$25*(1-'Sticky Wild'!$C$25)*'Sticky Wild'!$D$25*'Sticky Wild'!$E$25*0 -> 0 | D12: ='Sticky Wild'!$B$25*(1-'Sticky Wild'!$C$25)*'Sticky Wild'!$D$25*0*'Sticky Wild'!$F$25 -> 0 | E12: ='Sticky Wild'!$B$25*(1-'Sticky Wild'!$C$25)*'Sticky Wild'!$D$25*0*0 -> 0 | F12: ='Sticky Wild'!$B$25*(1-'Sticky Wild'!$C$25)*0*'Sticky Wild'!$E$25*'Sticky Wild'!$F$25 -> 0 | G12: ='Sticky Wild'!$B$25*(1-'Sticky Wild'!$C$25)*0*'Sticky Wild'!$E$25*0 -> 0 | H12: ='Sticky Wild'!$B$25*(1-'Sticky Wild'!$C$25)*0*0*'Sticky Wild'!$F$25 -> 0 | I12: ='Sticky Wild'!$B$25*(1-'Sticky Wild'!$C$25)*0*0*0 -> 0 | J12: ='Sticky Wild'!$B$25*1*'Sticky Wild'!$D$25*'Sticky Wild'!$E$25*'Sticky Wild'!$F$25 -> 0.73660714 | K12: ='Sticky Wild'!$B$25*1*'Sticky Wild'!$D$25*'Sticky Wild'!$E$25*0 -> 0 | L12: ='Sticky Wild'!$B$25*1*'Sticky Wild'!$D$25*0*'Sticky Wild'!$F$25 -> 0 | M12: ='Sticky Wild'!$B$25*1*'Sticky Wild'!$D$25*0*0 -> 0 | N12: ='Sticky Wild'!$B$25*1*0*'Sticky Wild'!$E$25*'Sticky Wild'!$F$25 -> 0 | O12: ='Sticky Wild'!$B$25*1*0*'Sticky Wild'!$E$25*0 -> 0 | P12: ='Sticky Wild'!$B$25*1*0*0*'Sticky Wild'!$F$25 -> 0 | Q12: ='Sticky Wild'!$B$25*1*0*0*0 -> 0 | R12: =0*(1-'Sticky Wild'!$C$25)*'Sticky Wild'!$D$25*'Sticky Wild'!$E$25*'Sticky Wild'!$F$25 -> 0 | S12: =0*(1-'Sticky Wild'!$C$25)*'Sticky Wild'!$D$25*'Sticky Wild'!$E$25*0 -> 0 | T12: =0*(1-'Sticky Wild'!$C$25)*'Sticky Wild'!$D$25*0*'Sticky Wild'!$F$25 -> 0 | U12: =0*(1-'Sticky Wild'!$C$25)*'Sticky Wild'!$D$25*0*0 -> 0 | V12: =0*(1-'Sticky Wild'!$C$25)*0*'Sticky Wild'!$E$25*'Sticky Wild'!$F$25 -> 0 | W12: =0*(1-'Sticky Wild'!$C$25)*0*'Sticky Wild'!$E$25*0 -> 0 | X12: =0*(1-'Sticky Wild'!$C$25)*0*0*'Sticky Wild'!$F$25 -> 0 | Y12: =0*(1-'Sticky Wild'!$C$25)*0*0*0 -> 0 | Z12: =0*1*'Sticky Wild'!$D$25*'Sticky Wild'!$E$25*'Sticky Wild'!$F$25 -> 0 | AA12: =0*1*'Sticky Wild'!$D$25*'Sticky Wild'!$E$25*0 -> 0 | AB12: =0*1*'Sticky Wild'!$D$25*0*'Sticky Wild'!$F$25 -> 0 | AC12: =0*1*'Sticky Wild'!$D$25*0*0 -> 0 | AD12: =0*1*0*'Sticky Wild'!$E$25*'Sticky Wild'!$F$25 -> 0 | AE12: =0*1*0*'Sticky Wild'!$E$25*0 -> 0 | AF12: =0*1*0*0*'Sticky Wild'!$F$25 -> 0 | AG12: =0*1*0*0*0 -> 0
A13: =DEC2BIN(9,5) -> 01001 | B13: ='Sticky Wild'!$B$25*(1-'Sticky Wild'!$C$25)*'Sticky Wild'!$D$25*'Sticky Wild'!$E$25*(1-'Sticky Wild'!$F$25) -> 0.0044642857 | C13: ='Sticky Wild'!$B$25*(1-'Sticky Wild'!$C$25)*'Sticky Wild'!$D$25*'Sticky Wild'!$E$25*1 -> 0.053571429 | D13: ='Sticky Wild'!$B$25*(1-'Sticky Wild'!$C$25)*'Sticky Wild'!$D$25*0*(1-'Sticky Wild'!$F$25) -> 0 | E13: ='Sticky Wild'!$B$25*(1-'Sticky Wild'!$C$25)*'Sticky Wild'!$D$25*0*1 -> 0 | F13: ='Sticky Wild'!$B$25*(1-'Sticky Wild'!$C$25)*0*'Sticky Wild'!$E$25*(1-'Sticky Wild'!$F$25) -> 0 | G13: ='Sticky Wild'!$B$25*(1-'Sticky Wild'!$C$25)*0*'Sticky Wild'!$E$25*1 -> 0 | H13: ='Sticky Wild'!$B$25*(1-'Sticky Wild'!$C$25)*0*0*(1-'Sticky Wild'!$F$25) -> 0 | I13: ='Sticky Wild'!$B$25*(1-'Sticky Wild'!$C$25)*0*0*1 -> 0 | J13: ='Sticky Wild'!$B$25*1*'Sticky Wild'!$D$25*'Sticky Wild'!$E$25*(1-'Sticky Wild'!$F$25) -> 0.066964286 | K13: ='Sticky Wild'!$B$25*1*'Sticky Wild'!$D$25*'Sticky Wild'!$E$25*1 -> 0.80357143 | L13: ='Sticky Wild'!$B$25*1*'Sticky Wild'!$D$25*0*(1-'Sticky Wild'!$F$25) -> 0 | M13: ='Sticky Wild'!$B$25*1*'Sticky Wild'!$D$25*0*1 -> 0 | N13: ='Sticky Wild'!$B$25*1*0*'Sticky Wild'!$E$25*(1-'Sticky Wild'!$F$25) -> 0 | O13: ='Sticky Wild'!$B$25*1*0*'Sticky Wild'!$E$25*1 -> 0 | P13: ='Sticky Wild'!$B$25*1*0*0*(1-'Sticky Wild'!$F$25) -> 0 | Q13: ='Sticky Wild'!$B$25*1*0*0*1 -> 0 | R13: =0*(1-'Sticky Wild'!$C$25)*'Sticky Wild'!$D$25*'Sticky Wild'!$E$25*(1-'Sticky Wild'!$F$25) -> 0 | S13: =0*(1-'Sticky Wild'!$C$25)*'Sticky Wild'!$D$25*'Sticky Wild'!$E$25*1 -> 0 | T13: =0*(1-'Sticky Wild'!$C$25)*'Sticky Wild'!$D$25*0*(1-'Sticky Wild'!$F$25) -> 0 | U13: =0*(1-'Sticky Wild'!$C$25)*'Sticky Wild'!$D$25*0*1 -> 0 | V13: =0*(1-'Sticky Wild'!$C$25)*0*'Sticky Wild'!$E$25*(1-'Sticky Wild'!$F$25) -> 0 | W13: =0*(1-'Sticky Wild'!$C$25)*0*'Sticky Wild'!$E$25*1 -> 0 | X13: =0*(1-'Sticky Wild'!$C$25)*0*0*(1-'Sticky Wild'!$F$25) -> 0 | Y13: =0*(1-'Sticky Wild'!$C$25)*0*0*1 -> 0 | Z13: =0*1*'Sticky Wild'!$D$25*'Sticky Wild'!$E$25*(1-'Sticky Wild'!$F$25) -> 0 | AA13: =0*1*'Sticky Wild'!$D$25*'Sticky Wild'!$E$25*1 -> 0 | AB13: =0*1*'Sticky Wild'!$D$25*0*(1-'Sticky Wild'!$F$25) -> 0 | AC13: =0*1*'Sticky Wild'!$D$25*0*1 -> 0 | AD13: =0*1*0*'Sticky Wild'!$E$25*(1-'Sticky Wild'!$F$25) -> 0 | AE13: =0*1*0*'Sticky Wild'!$E$25*1 -> 0 | AF13: =0*1*0*0*(1-'Sticky Wild'!$F$25) -> 0 | AG13: =0*1*0*0*1 -> 0
A14: =DEC2BIN(10,5) -> 01010 | B14: ='Sticky Wild'!$B$25*(1-'Sticky Wild'!$C$25)*'Sticky Wild'!$D$25*(1-'Sticky Wild'!$E$25)*'Sticky Wild'!$F$25 -> 0.0040922619 | C14: ='Sticky Wild'!$B$25*(1-'Sticky Wild'!$C$25)*'Sticky Wild'!$D$25*(1-'Sticky Wild'!$E$25)*0 -> 0 | D14: ='Sticky Wild'!$B$25*(1-'Sticky Wild'!$C$25)*'Sticky Wild'!$D$25*1*'Sticky Wild'!$F$25 -> 0.053199405 | E14: ='Sticky Wild'!$B$25*(1-'Sticky Wild'!$C$25)*'Sticky Wild'!$D$25*1*0 -> 0 | F14: ='Sticky Wild'!$B$25*(1-'Sticky Wild'!$C$25)*0*(1-'Sticky Wild'!$E$25)*'Sticky Wild'!$F$25 -> 0 | G14: ='Sticky Wild'!$B$25*(1-'Sticky Wild'!$C$25)*0*(1-'Sticky Wild'!$E$25)*0 -> 0 | H14: ='Sticky Wild'!$B$25*(1-'Sticky Wild'!$C$25)*0*1*'Sticky Wild'!$F$25 -> 0 | I14: ='Sticky Wild'!$B$25*(1-'Sticky Wild'!$C$25)*0*1*0 -> 0 | J14: ='Sticky Wild'!$B$25*1*'Sticky Wild'!$D$25*(1-'Sticky Wild'!$E$25)*'Sticky Wild'!$F$25 -> 0.061383929 | K14: ='Sticky Wild'!$B$25*1*'Sticky Wild'!$D$25*(1-'Sticky Wild'!$E$25)*0 -> 0 | L14: ='Sticky Wild'!$B$25*1*'Sticky Wild'!$D$25*1*'Sticky Wild'!$F$25 -> 0.79799107 | M14: ='Sticky Wild'!$B$25*1*'Sticky Wild'!$D$25*1*0 -> 0 | N14: ='Sticky Wild'!$B$25*1*0*(1-'Sticky Wild'!$E$25)*'Sticky Wild'!$F$25 -> 0 | O14: ='Sticky Wild'!$B$25*1*0*(1-'Sticky Wild'!$E$25)*0 -> 0 | P14: ='Sticky Wild'!$B$25*1*0*1*'Sticky Wild'!$F$25 -> 0 | Q14: ='Sticky Wild'!$B$25*1*0*1*0 -> 0 | R14: =0*(1-'Sticky Wild'!$C$25)*'Sticky Wild'!$D$25*(1-'Sticky Wild'!$E$25)*'Sticky Wild'!$F$25 -> 0 | S14: =0*(1-'Sticky Wild'!$C$25)*'Sticky Wild'!$D$25*(1-'Sticky Wild'!$E$25)*0 -> 0 | T14: =0*(1-'Sticky Wild'!$C$25)*'Sticky Wild'!$D$25*1*'Sticky Wild'!$F$25 -> 0 | U14: =0*(1-'Sticky Wild'!$C$25)*'Sticky Wild'!$D$25*1*0 -> 0 | V14: =0*(1-'Sticky Wild'!$C$25)*0*(1-'Sticky Wild'!$E$25)*'Sticky Wild'!$F$25 -> 0 | W14: =0*(1-'Sticky Wild'!$C$25)*0*(1-'Sticky Wild'!$E$25)*0 -> 0 | X14: =0*(1-'Sticky Wild'!$C$25)*0*1*'Sticky Wild'!$F$25 -> 0 | Y14: =0*(1-'Sticky Wild'!$C$25)*0*1*0 -> 0 | Z14: =0*1*'Sticky Wild'!$D$25*(1-'Sticky Wild'!$E$25)*'Sticky Wild'!$F$25 -> 0 | AA14: =0*1*'Sticky Wild'!$D$25*(1-'Sticky Wild'!$E$25)*0 -> 0 | AB14: =0*1*'Sticky Wild'!$D$25*1*'Sticky Wild'!$F$25 -> 0 | AC14: =0*1*'Sticky Wild'!$D$25*1*0 -> 0 | AD14: =0*1*0*(1-'Sticky Wild'!$E$25)*'Sticky Wild'!$F$25 -> 0 | AE14: =0*1*0*(1-'Sticky Wild'!$E$25)*0 -> 0 | AF14: =0*1*0*1*'Sticky Wild'!$F$25 -> 0 | AG14: =0*1*0*1*0 -> 0
A15: =DEC2BIN(11,5) -> 01011 | B15: ='Sticky Wild'!$B$25*(1-'Sticky Wild'!$C$25)*'Sticky Wild'!$D$25*(1-'Sticky Wild'!$E$25)*(1-'Sticky Wild'!$F$25) -> 0.00037202381 | C15: ='Sticky Wild'!$B$25*(1-'Sticky Wild'!$C$25)*'Sticky Wild'!$D$25*(1-'Sticky Wild'!$E$25)*1 -> 0.0044642857 | D15: ='Sticky Wild'!$B$25*(1-'Sticky Wild'!$C$25)*'Sticky Wild'!$D$25*1*(1-'Sticky Wild'!$F$25) -> 0.0048363095 | E15: ='Sticky Wild'!$B$25*(1-'Sticky Wild'!$C$25)*'Sticky Wild'!$D$25*1*1 -> 0.058035714 | F15: ='Sticky Wild'!$B$25*(1-'Sticky Wild'!$C$25)*0*(1-'Sticky Wild'!$E$25)*(1-'Sticky Wild'!$F$25) -> 0 | G15: ='Sticky Wild'!$B$25*(1-'Sticky Wild'!$C$25)*0*(1-'Sticky Wild'!$E$25)*1 -> 0 | H15: ='Sticky Wild'!$B$25*(1-'Sticky Wild'!$C$25)*0*1*(1-'Sticky Wild'!$F$25) -> 0 | I15: ='Sticky Wild'!$B$25*(1-'Sticky Wild'!$C$25)*0*1*1 -> 0 | J15: ='Sticky Wild'!$B$25*1*'Sticky Wild'!$D$25*(1-'Sticky Wild'!$E$25)*(1-'Sticky Wild'!$F$25) -> 0.0055803571 | K15: ='Sticky Wild'!$B$25*1*'Sticky Wild'!$D$25*(1-'Sticky Wild'!$E$25)*1 -> 0.066964286 | L15: ='Sticky Wild'!$B$25*1*'Sticky Wild'!$D$25*1*(1-'Sticky Wild'!$F$25) -> 0.072544643 | M15: ='Sticky Wild'!$B$25*1*'Sticky Wild'!$D$25*1*1 -> 0.87053571 | N15: ='Sticky Wild'!$B$25*1*0*(1-'Sticky Wild'!$E$25)*(1-'Sticky Wild'!$F$25) -> 0 | O15: ='Sticky Wild'!$B$25*1*0*(1-'Sticky Wild'!$E$25)*1 -> 0 | P15: ='Sticky Wild'!$B$25*1*0*1*(1-'Sticky Wild'!$F$25) -> 0 | Q15: ='Sticky Wild'!$B$25*1*0*1*1 -> 0 | R15: =0*(1-'Sticky Wild'!$C$25)*'Sticky Wild'!$D$25*(1-'Sticky Wild'!$E$25)*(1-'Sticky Wild'!$F$25) -> 0 | S15: =0*(1-'Sticky Wild'!$C$25)*'Sticky Wild'!$D$25*(1-'Sticky Wild'!$E$25)*1 -> 0 | T15: =0*(1-'Sticky Wild'!$C$25)*'Sticky Wild'!$D$25*1*(1-'Sticky Wild'!$F$25) -> 0 | U15: =0*(1-'Sticky Wild'!$C$25)*'Sticky Wild'!$D$25*1*1 -> 0 | V15: =0*(1-'Sticky Wild'!$C$25)*0*(1-'Sticky Wild'!$E$25)*(1-'Sticky Wild'!$F$25) -> 0 | W15: =0*(1-'Sticky Wild'!$C$25)*0*(1-'Sticky Wild'!$E$25)*1 -> 0 | X15: =0*(1-'Sticky Wild'!$C$25)*0*1*(1-'Sticky Wild'!$F$25) -> 0 | Y15: =0*(1-'Sticky Wild'!$C$25)*0*1*1 -> 0 | Z15: =0*1*'Sticky Wild'!$D$25*(1-'Sticky Wild'!$E$25)*(1-'Sticky Wild'!$F$25) -> 0 | AA15: =0*1*'Sticky Wild'!$D$25*(1-'Sticky Wild'!$E$25)*1 -> 0 | AB15: =0*1*'Sticky Wild'!$D$25*1*(1-'Sticky Wild'!$F$25) -> 0 | AC15: =0*1*'Sticky Wild'!$D$25*1*1 -> 0 | AD15: =0*1*0*(1-'Sticky Wild'!$E$25)*(1-'Sticky Wild'!$F$25) -> 0 | AE15: =0*1*0*(1-'Sticky Wild'!$E$25)*1 -> 0 | AF15: =0*1*0*1*(1-'Sticky Wild'!$F$25) -> 0 | AG15: =0*1*0*1*1 -> 0
A16: =DEC2BIN(12,5) -> 01100 | B16: ='Sticky Wild'!$B$25*(1-'Sticky Wild'!$C$25)*(1-'Sticky Wild'!$D$25)*'Sticky Wild'!$E$25*'Sticky Wild'!$F$25 -> 0.0037774725 | C16: ='Sticky Wild'!$B$25*(1-'Sticky Wild'!$C$25)*(1-'Sticky Wild'!$D$25)*'Sticky Wild'!$E$25*0 -> 0 | D16: ='Sticky Wild'!$B$25*(1-'Sticky Wild'!$C$25)*(1-'Sticky Wild'!$D$25)*0*'Sticky Wild'!$F$25 -> 0 | E16: ='Sticky Wild'!$B$25*(1-'Sticky Wild'!$C$25)*(1-'Sticky Wild'!$D$25)*0*0 -> 0 | F16: ='Sticky Wild'!$B$25*(1-'Sticky Wild'!$C$25)*1*'Sticky Wild'!$E$25*'Sticky Wild'!$F$25 -> 0.052884615 | G16: ='Sticky Wild'!$B$25*(1-'Sticky Wild'!$C$25)*1*'Sticky Wild'!$E$25*0 -> 0 | H16: ='Sticky Wild'!$B$25*(1-'Sticky Wild'!$C$25)*1*0*'Sticky Wild'!$F$25 -> 0 | I16: ='Sticky Wild'!$B$25*(1-'Sticky Wild'!$C$25)*1*0*0 -> 0 | J16: ='Sticky Wild'!$B$25*1*(1-'Sticky Wild'!$D$25)*'Sticky Wild'!$E$25*'Sticky Wild'!$F$25 -> 0.056662088 | K16: ='Sticky Wild'!$B$25*1*(1-'Sticky Wild'!$D$25)*'Sticky Wild'!$E$25*0 -> 0 | L16: ='Sticky Wild'!$B$25*1*(1-'Sticky Wild'!$D$25)*0*'Sticky Wild'!$F$25 -> 0 | M16: ='Sticky Wild'!$B$25*1*(1-'Sticky Wild'!$D$25)*0*0 -> 0 | N16: ='Sticky Wild'!$B$25*1*1*'Sticky Wild'!$E$25*'Sticky Wild'!$F$25 -> 0.79326923 | O16: ='Sticky Wild'!$B$25*1*1*'Sticky Wild'!$E$25*0 -> 0 | P16: ='Sticky Wild'!$B$25*1*1*0*'Sticky Wild'!$F$25 -> 0 | Q16: ='Sticky Wild'!$B$25*1*1*0*0 -> 0 | R16: =0*(1-'Sticky Wild'!$C$25)*(1-'Sticky Wild'!$D$25)*'Sticky Wild'!$E$25*'Sticky Wild'!$F$25 -> 0 | S16: =0*(1-'Sticky Wild'!$C$25)*(1-'Sticky Wild'!$D$25)*'Sticky Wild'!$E$25*0 -> 0 | T16: =0*(1-'Sticky Wild'!$C$25)*(1-'Sticky Wild'!$D$25)*0*'Sticky Wild'!$F$25 -> 0 | U16: =0*(1-'Sticky Wild'!$C$25)*(1-'Sticky Wild'!$D$25)*0*0 -> 0 | V16: =0*(1-'Sticky Wild'!$C$25)*1*'Sticky Wild'!$E$25*'Sticky Wild'!$F$25 -> 0 | W16: =0*(1-'Sticky Wild'!$C$25)*1*'Sticky Wild'!$E$25*0 -> 0 | X16: =0*(1-'Sticky Wild'!$C$25)*1*0*'Sticky Wild'!$F$25 -> 0 | Y16: =0*(1-'Sticky Wild'!$C$25)*1*0*0 -> 0 | Z16: =0*1*(1-'Sticky Wild'!$D$25)*'Sticky Wild'!$E$25*'Sticky Wild'!$F$25 -> 0 | AA16: =0*1*(1-'Sticky Wild'!$D$25)*'Sticky Wild'!$E$25*0 -> 0 | AB16: =0*1*(1-'Sticky Wild'!$D$25)*0*'Sticky Wild'!$F$25 -> 0 | AC16: =0*1*(1-'Sticky Wild'!$D$25)*0*0 -> 0 | AD16: =0*1*1*'Sticky Wild'!$E$25*'Sticky Wild'!$F$25 -> 0 | AE16: =0*1*1*'Sticky Wild'!$E$25*0 -> 0 | AF16: =0*1*1*0*'Sticky Wild'!$F$25 -> 0 | AG16: =0*1*1*0*0 -> 0
A17: =DEC2BIN(13,5) -> 01101 | B17: ='Sticky Wild'!$B$25*(1-'Sticky Wild'!$C$25)*(1-'Sticky Wild'!$D$25)*'Sticky Wild'!$E$25*(1-'Sticky Wild'!$F$25) -> 0.00034340659 | C17: ='Sticky Wild'!$B$25*(1-'Sticky Wild'!$C$25)*(1-'Sticky Wild'!$D$25)*'Sticky Wild'!$E$25*1 -> 0.0041208791 | D17: ='Sticky Wild'!$B$25*(1-'Sticky Wild'!$C$25)*(1-'Sticky Wild'!$D$25)*0*(1-'Sticky Wild'!$F$25) -> 0 | E17: ='Sticky Wild'!$B$25*(1-'Sticky Wild'!$C$25)*(1-'Sticky Wild'!$D$25)*0*1 -> 0 | F17: ='Sticky Wild'!$B$25*(1-'Sticky Wild'!$C$25)*1*'Sticky Wild'!$E$25*(1-'Sticky Wild'!$F$25) -> 0.0048076923 | G17: ='Sticky Wild'!$B$25*(1-'Sticky Wild'!$C$25)*1*'Sticky Wild'!$E$25*1 -> 0.057692308 | H17: ='Sticky Wild'!$B$25*(1-'Sticky Wild'!$C$25)*1*0*(1-'Sticky Wild'!$F$25) -> 0 | I17: ='Sticky Wild'!$B$25*(1-'Sticky Wild'!$C$25)*1*0*1 -> 0 | J17: ='Sticky Wild'!$B$25*1*(1-'Sticky Wild'!$D$25)*'Sticky Wild'!$E$25*(1-'Sticky Wild'!$F$25) -> 0.0051510989 | K17: ='Sticky Wild'!$B$25*1*(1-'Sticky Wild'!$D$25)*'Sticky Wild'!$E$25*1 -> 0.061813187 | L17: ='Sticky Wild'!$B$25*1*(1-'Sticky Wild'!$D$25)*0*(1-'Sticky Wild'!$F$25) -> 0 | M17: ='Sticky Wild'!$B$25*1*(1-'Sticky Wild'!$D$25)*0*1 -> 0 | N17: ='Sticky Wild'!$B$25*1*1*'Sticky Wild'!$E$25*(1-'Sticky Wild'!$F$25) -> 0.072115385 | O17: ='Sticky Wild'!$B$25*1*1*'Sticky Wild'!$E$25*1 -> 0.86538462 | P17: ='Sticky Wild'!$B$25*1*1*0*(1-'Sticky Wild'!$F$25) -> 0 | Q17: ='Sticky Wild'!$B$25*1*1*0*1 -> 0 | R17: =0*(1-'Sticky Wild'!$C$25)*(1-'Sticky Wild'!$D$25)*'Sticky Wild'!$E$25*(1-'Sticky Wild'!$F$25) -> 0 | S17: =0*(1-'Sticky Wild'!$C$25)*(1-'Sticky Wild'!$D$25)*'Sticky Wild'!$E$25*1 -> 0 | T17: =0*(1-'Sticky Wild'!$C$25)*(1-'Sticky Wild'!$D$25)*0*(1-'Sticky Wild'!$F$25) -> 0 | U17: =0*(1-'Sticky Wild'!$C$25)*(1-'Sticky Wild'!$D$25)*0*1 -> 0 | V17: =0*(1-'Sticky Wild'!$C$25)*1*'Sticky Wild'!$E$25*(1-'Sticky Wild'!$F$25) -> 0 | W17: =0*(1-'Sticky Wild'!$C$25)*1*'Sticky Wild'!$E$25*1 -> 0 | X17: =0*(1-'Sticky Wild'!$C$25)*1*0*(1-'Sticky Wild'!$F$25) -> 0 | Y17: =0*(1-'Sticky Wild'!$C$25)*1*0*1 -> 0 | Z17: =0*1*(1-'Sticky Wild'!$D$25)*'Sticky Wild'!$E$25*(1-'Sticky Wild'!$F$25) -> 0 | AA17: =0*1*(1-'Sticky Wild'!$D$25)*'Sticky Wild'!$E$25*1 -> 0 | AB17: =0*1*(1-'Sticky Wild'!$D$25)*0*(1-'Sticky Wild'!$F$25) -> 0 | AC17: =0*1*(1-'Sticky Wild'!$D$25)*0*1 -> 0 | AD17: =0*1*1*'Sticky Wild'!$E$25*(1-'Sticky Wild'!$F$25) -> 0 | AE17: =0*1*1*'Sticky Wild'!$E$25*1 -> 0 | AF17: =0*1*1*0*(1-'Sticky Wild'!$F$25) -> 0 | AG17: =0*1*1*0*1 -> 0
A18: =DEC2BIN(14,5) -> 01110 | B18: ='Sticky Wild'!$B$25*(1-'Sticky Wild'!$C$25)*(1-'Sticky Wild'!$D$25)*(1-'Sticky Wild'!$E$25)*'Sticky Wild'!$F$25 -> 0.00031478938 | C18: ='Sticky Wild'!$B$25*(1-'Sticky Wild'!$C$25)*(1-'Sticky Wild'!$D$25)*(1-'Sticky Wild'!$E$25)*0 -> 0 | D18: ='Sticky Wild'!$B$25*(1-'Sticky Wild'!$C$25)*(1-'Sticky Wild'!$D$25)*1*'Sticky Wild'!$F$25 -> 0.0040922619 | E18: ='Sticky Wild'!$B$25*(1-'Sticky Wild'!$C$25)*(1-'Sticky Wild'!$D$25)*1*0 -> 0 | F18: ='Sticky Wild'!$B$25*(1-'Sticky Wild'!$C$25)*1*(1-'Sticky Wild'!$E$25)*'Sticky Wild'!$F$25 -> 0.0044070513 | G18: ='Sticky Wild'!$B$25*(1-'Sticky Wild'!$C$25)*1*(1-'Sticky Wild'!$E$25)*0 -> 0 | H18: ='Sticky Wild'!$B$25*(1-'Sticky Wild'!$C$25)*1*1*'Sticky Wild'!$F$25 -> 0.057291667 | I18: ='Sticky Wild'!$B$25*(1-'Sticky Wild'!$C$25)*1*1*0 -> 0 | J18: ='Sticky Wild'!$B$25*1*(1-'Sticky Wild'!$D$25)*(1-'Sticky Wild'!$E$25)*'Sticky Wild'!$F$25 -> 0.0047218407 | K18: ='Sticky Wild'!$B$25*1*(1-'Sticky Wild'!$D$25)*(1-'Sticky Wild'!$E$25)*0 -> 0 | L18: ='Sticky Wild'!$B$25*1*(1-'Sticky Wild'!$D$25)*1*'Sticky Wild'!$F$25 -> 0.061383929 | M18: ='Sticky Wild'!$B$25*1*(1-'Sticky Wild'!$D$25)*1*0 -> 0 | N18: ='Sticky Wild'!$B$25*1*1*(1-'Sticky Wild'!$E$25)*'Sticky Wild'!$F$25 -> 0.066105769 | O18: ='Sticky Wild'!$B$25*1*1*(1-'Sticky Wild'!$E$25)*0 -> 0 | P18: ='Sticky Wild'!$B$25*1*1*1*'Sticky Wild'!$F$25 -> 0.859375 | Q18: ='Sticky Wild'!$B$25*1*1*1*0 -> 0 | R18: =0*(1-'Sticky Wild'!$C$25)*(1-'Sticky Wild'!$D$25)*(1-'Sticky Wild'!$E$25)*'Sticky Wild'!$F$25 -> 0 | S18: =0*(1-'Sticky Wild'!$C$25)*(1-'Sticky Wild'!$D$25)*(1-'Sticky Wild'!$E$25)*0 -> 0 | T18: =0*(1-'Sticky Wild'!$C$25)*(1-'Sticky Wild'!$D$25)*1*'Sticky Wild'!$F$25 -> 0 | U18: =0*(1-'Sticky Wild'!$C$25)*(1-'Sticky Wild'!$D$25)*1*0 -> 0 | V18: =0*(1-'Sticky Wild'!$C$25)*1*(1-'Sticky Wild'!$E$25)*'Sticky Wild'!$F$25 -> 0 | W18: =0*(1-'Sticky Wild'!$C$25)*1*(1-'Sticky Wild'!$E$25)*0 -> 0 | X18: =0*(1-'Sticky Wild'!$C$25)*1*1*'Sticky Wild'!$F$25 -> 0 | Y18: =0*(1-'Sticky Wild'!$C$25)*1*1*0 -> 0 | Z18: =0*1*(1-'Sticky Wild'!$D$25)*(1-'Sticky Wild'!$E$25)*'Sticky Wild'!$F$25 -> 0 | AA18: =0*1*(1-'Sticky Wild'!$D$25)*(1-'Sticky Wild'!$E$25)*0 -> 0 | AB18: =0*1*(1-'Sticky Wild'!$D$25)*1*'Sticky Wild'!$F$25 -> 0 | AC18: =0*1*(1-'Sticky Wild'!$D$25)*1*0 -> 0 | AD18: =0*1*1*(1-'Sticky Wild'!$E$25)*'Sticky Wild'!$F$25 -> 0 | AE18: =0*1*1*(1-'Sticky Wild'!$E$25)*0 -> 0 | AF18: =0*1*1*1*'Sticky Wild'!$F$25 -> 0 | AG18: =0*1*1*1*0 -> 0
A19: =DEC2BIN(15,5) -> 01111 | B19: ='Sticky Wild'!$B$25*(1-'Sticky Wild'!$C$25)*(1-'Sticky Wild'!$D$25)*(1-'Sticky Wild'!$E$25)*(1-'Sticky Wild'!$F$25) -> 2.8617216e-05 | C19: ='Sticky Wild'!$B$25*(1-'Sticky Wild'!$C$25)*(1-'Sticky Wild'!$D$25)*(1-'Sticky Wild'!$E$25)*1 -> 0.00034340659 | D19: ='Sticky Wild'!$B$25*(1-'Sticky Wild'!$C$25)*(1-'Sticky Wild'!$D$25)*1*(1-'Sticky Wild'!$F$25) -> 0.00037202381 | E19: ='Sticky Wild'!$B$25*(1-'Sticky Wild'!$C$25)*(1-'Sticky Wild'!$D$25)*1*1 -> 0.0044642857 | F19: ='Sticky Wild'!$B$25*(1-'Sticky Wild'!$C$25)*1*(1-'Sticky Wild'!$E$25)*(1-'Sticky Wild'!$F$25) -> 0.00040064103 | G19: ='Sticky Wild'!$B$25*(1-'Sticky Wild'!$C$25)*1*(1-'Sticky Wild'!$E$25)*1 -> 0.0048076923 | H19: ='Sticky Wild'!$B$25*(1-'Sticky Wild'!$C$25)*1*1*(1-'Sticky Wild'!$F$25) -> 0.0052083333 | I19: ='Sticky Wild'!$B$25*(1-'Sticky Wild'!$C$25)*1*1*1 -> 0.0625 | J19: ='Sticky Wild'!$B$25*1*(1-'Sticky Wild'!$D$25)*(1-'Sticky Wild'!$E$25)*(1-'Sticky Wild'!$F$25) -> 0.00042925824 | K19: ='Sticky Wild'!$B$25*1*(1-'Sticky Wild'!$D$25)*(1-'Sticky Wild'!$E$25)*1 -> 0.0051510989 | L19: ='Sticky Wild'!$B$25*1*(1-'Sticky Wild'!$D$25)*1*(1-'Sticky Wild'!$F$25) -> 0.0055803571 | M19: ='Sticky Wild'!$B$25*1*(1-'Sticky Wild'!$D$25)*1*1 -> 0.066964286 | N19: ='Sticky Wild'!$B$25*1*1*(1-'Sticky Wild'!$E$25)*(1-'Sticky Wild'!$F$25) -> 0.0060096154 | O19: ='Sticky Wild'!$B$25*1*1*(1-'Sticky Wild'!$E$25)*1 -> 0.072115385 | P19: ='Sticky Wild'!$B$25*1*1*1*(1-'Sticky Wild'!$F$25) -> 0.078125 | Q19: ='Sticky Wild'!$B$25*1*1*1*1 -> 0.9375 | R19: =0*(1-'Sticky Wild'!$C$25)*(1-'Sticky Wild'!$D$25)*(1-'Sticky Wild'!$E$25)*(1-'Sticky Wild'!$F$25) -> 0 | S19: =0*(1-'Sticky Wild'!$C$25)*(1-'Sticky Wild'!$D$25)*(1-'Sticky Wild'!$E$25)*1 -> 0 | T19: =0*(1-'Sticky Wild'!$C$25)*(1-'Sticky Wild'!$D$25)*1*(1-'Sticky Wild'!$F$25) -> 0 | U19: =0*(1-'Sticky Wild'!$C$25)*(1-'Sticky Wild'!$D$25)*1*1 -> 0 | V19: =0*(1-'Sticky Wild'!$C$25)*1*(1-'Sticky Wild'!$E$25)*(1-'Sticky Wild'!$F$25) -> 0 | W19: =0*(1-'Sticky Wild'!$C$25)*1*(1-'Sticky Wild'!$E$25)*1 -> 0 | X19: =0*(1-'Sticky Wild'!$C$25)*1*1*(1-'Sticky Wild'!$F$25) -> 0 | Y19: =0*(1-'Sticky Wild'!$C$25)*1*1*1 -> 0 | Z19: =0*1*(1-'Sticky Wild'!$D$25)*(1-'Sticky Wild'!$E$25)*(1-'Sticky Wild'!$F$25) -> 0 | AA19: =0*1*(1-'Sticky Wild'!$D$25)*(1-'Sticky Wild'!$E$25)*1 -> 0 | AB19: =0*1*(1-'Sticky Wild'!$D$25)*1*(1-'Sticky Wild'!$F$25) -> 0 | AC19: =0*1*(1-'Sticky Wild'!$D$25)*1*1 -> 0 | AD19: =0*1*1*(1-'Sticky Wild'!$E$25)*(1-'Sticky Wild'!$F$25) -> 0 | AE19: =0*1*1*(1-'Sticky Wild'!$E$25)*1 -> 0 | AF19: =0*1*1*1*(1-'Sticky Wild'!$F$25) -> 0 | AG19: =0*1*1*1*1 -> 0
A20: =DEC2BIN(16,5) -> 10000 | B20: =(1-'Sticky Wild'!$B$25)*'Sticky Wild'!$C$25*'Sticky Wild'!$D$25*'Sticky Wild'!$E$25*'Sticky Wild'!$F$25 -> 0.045833333 | C20: =(1-'Sticky Wild'!$B$25)*'Sticky Wild'!$C$25*'Sticky Wild'!$D$25*'Sticky Wild'!$E$25*0 -> 0 | D20: =(1-'Sticky Wild'!$B$25)*'Sticky Wild'!$C$25*'Sticky Wild'!$D$25*0*'Sticky Wild'!$F$25 -> 0 | E20: =(1-'Sticky Wild'!$B$25)*'Sticky Wild'!$C$25*'Sticky Wild'!$D$25*0*0 -> 0 | F20: =(1-'Sticky Wild'!$B$25)*'Sticky Wild'!$C$25*0*'Sticky Wild'!$E$25*'Sticky Wild'!$F$25 -> 0 | G20: =(1-'Sticky Wild'!$B$25)*'Sticky Wild'!$C$25*0*'Sticky Wild'!$E$25*0 -> 0 | H20: =(1-'Sticky Wild'!$B$25)*'Sticky Wild'!$C$25*0*0*'Sticky Wild'!$F$25 -> 0 | I20: =(1-'Sticky Wild'!$B$25)*'Sticky Wild'!$C$25*0*0*0 -> 0 | J20: =(1-'Sticky Wild'!$B$25)*0*'Sticky Wild'!$D$25*'Sticky Wild'!$E$25*'Sticky Wild'!$F$25 -> 0 | K20: =(1-'Sticky Wild'!$B$25)*0*'Sticky Wild'!$D$25*'Sticky Wild'!$E$25*0 -> 0 | L20: =(1-'Sticky Wild'!$B$25)*0*'Sticky Wild'!$D$25*0*'Sticky Wild'!$F$25 -> 0 | M20: =(1-'Sticky Wild'!$B$25)*0*'Sticky Wild'!$D$25*0*0 -> 0 | N20: =(1-'Sticky Wild'!$B$25)*0*0*'Sticky Wild'!$E$25*'Sticky Wild'!$F$25 -> 0 | O20: =(1-'Sticky Wild'!$B$25)*0*0*'Sticky Wild'!$E$25*0 -> 0 | P20: =(1-'Sticky Wild'!$B$25)*0*0*0*'Sticky Wild'!$F$25 -> 0 | Q20: =(1-'Sticky Wild'!$B$25)*0*0*0*0 -> 0 | R20: =1*'Sticky Wild'!$C$25*'Sticky Wild'!$D$25*'Sticky Wild'!$E$25*'Sticky Wild'!$F$25 -> 0.73333333 | S20: =1*'Sticky Wild'!$C$25*'Sticky Wild'!$D$25*'Sticky Wild'!$E$25*0 -> 0 | T20: =1*'Sticky Wild'!$C$25*'Sticky Wild'!$D$25*0*'Sticky Wild'!$F$25 -> 0 | U20: =1*'Sticky Wild'!$C$25*'Sticky Wild'!$D$25*0*0 -> 0 | V20: =1*'Sticky Wild'!$C$25*0*'Sticky Wild'!$E$25*'Sticky Wild'!$F$25 -> 0 | W20: =1*'Sticky Wild'!$C$25*0*'Sticky Wild'!$E$25*0 -> 0 | X20: =1*'Sticky Wild'!$C$25*0*0*'Sticky Wild'!$F$25 -> 0 | Y20: =1*'Sticky Wild'!$C$25*0*0*0 -> 0 | Z20: =1*0*'Sticky Wild'!$D$25*'Sticky Wild'!$E$25*'Sticky Wild'!$F$25 -> 0 | AA20: =1*0*'Sticky Wild'!$D$25*'Sticky Wild'!$E$25*0 -> 0 | AB20: =1*0*'Sticky Wild'!$D$25*0*'Sticky Wild'!$F$25 -> 0 | AC20: =1*0*'Sticky Wild'!$D$25*0*0 -> 0 | AD20: =1*0*0*'Sticky Wild'!$E$25*'Sticky Wild'!$F$25 -> 0 | AE20: =1*0*0*'Sticky Wild'!$E$25*0 -> 0 | AF20: =1*0*0*0*'Sticky Wild'!$F$25 -> 0 | AG20: =1*0*0*0*0 -> 0
A21: =DEC2BIN(17,5) -> 10001 | B21: =(1-'Sticky Wild'!$B$25)*'Sticky Wild'!$C$25*'Sticky Wild'!$D$25*'Sticky Wild'!$E$25*(1-'Sticky Wild'!$F$25) -> 0.0041666667 | C21: =(1-'Sticky Wild'!$B$25)*'Sticky Wild'!$C$25*'Sticky Wild'!$D$25*'Sticky Wild'!$E$25*1 -> 0.05 | D21: =(1-'Sticky Wild'!$B$25)*'Sticky Wild'!$C$25*'Sticky Wild'!$D$25*0*(1-'Sticky Wild'!$F$25) -> 0 | E21: =(1-'Sticky Wild'!$B$25)*'Sticky Wild'!$C$25*'Sticky Wild'!$D$25*0*1 -> 0 | F21: =(1-'Sticky Wild'!$B$25)*'Sticky Wild'!$C$25*0*'Sticky Wild'!$E$25*(1-'Sticky Wild'!$F$25) -> 0 | G21: =(1-'Sticky Wild'!$B$25)*'Sticky Wild'!$C$25*0*'Sticky Wild'!$E$25*1 -> 0 | H21: =(1-'Sticky Wild'!$B$25)*'Sticky Wild'!$C$25*0*0*(1-'Sticky Wild'!$F$25) -> 0 | I21: =(1-'Sticky Wild'!$B$25)*'Sticky Wild'!$C$25*0*0*1 -> 0 | J21: =(1-'Sticky Wild'!$B$25)*0*'Sticky Wild'!$D$25*'Sticky Wild'!$E$25*(1-'Sticky Wild'!$F$25) -> 0 | K21: =(1-'Sticky Wild'!$B$25)*0*'Sticky Wild'!$D$25*'Sticky Wild'!$E$25*1 -> 0 | L21: =(1-'Sticky Wild'!$B$25)*0*'Sticky Wild'!$D$25*0*(1-'Sticky Wild'!$F$25) -> 0 | M21: =(1-'Sticky Wild'!$B$25)*0*'Sticky Wild'!$D$25*0*1 -> 0 | N21: =(1-'Sticky Wild'!$B$25)*0*0*'Sticky Wild'!$E$25*(1-'Sticky Wild'!$F$25) -> 0 | O21: =(1-'Sticky Wild'!$B$25)*0*0*'Sticky Wild'!$E$25*1 -> 0 | P21: =(1-'Sticky Wild'!$B$25)*0*0*0*(1-'Sticky Wild'!$F$25) -> 0 | Q21: =(1-'Sticky Wild'!$B$25)*0*0*0*1 -> 0 | R21: =1*'Sticky Wild'!$C$25*'Sticky Wild'!$D$25*'Sticky Wild'!$E$25*(1-'Sticky Wild'!$F$25) -> 0.066666667 | S21: =1*'Sticky Wild'!$C$25*'Sticky Wild'!$D$25*'Sticky Wild'!$E$25*1 -> 0.8 | T21: =1*'Sticky Wild'!$C$25*'Sticky Wild'!$D$25*0*(1-'Sticky Wild'!$F$25) -> 0 | U21: =1*'Sticky Wild'!$C$25*'Sticky Wild'!$D$25*0*1 -> 0 | V21: =1*'Sticky Wild'!$C$25*0*'Sticky Wild'!$E$25*(1-'Sticky Wild'!$F$25) -> 0 | W21: =1*'Sticky Wild'!$C$25*0*'Sticky Wild'!$E$25*1 -> 0 | X21: =1*'Sticky Wild'!$C$25*0*0*(1-'Sticky Wild'!$F$25) -> 0 | Y21: =1*'Sticky Wild'!$C$25*0*0*1 -> 0 | Z21: =1*0*'Sticky Wild'!$D$25*'Sticky Wild'!$E$25*(1-'Sticky Wild'!$F$25) -> 0 | AA21: =1*0*'Sticky Wild'!$D$25*'Sticky Wild'!$E$25*1 -> 0 | AB21: =1*0*'Sticky Wild'!$D$25*0*(1-'Sticky Wild'!$F$25) -> 0 | AC21: =1*0*'Sticky Wild'!$D$25*0*1 -> 0 | AD21: =1*0*0*'Sticky Wild'!$E$25*(1-'Sticky Wild'!$F$25) -> 0 | AE21: =1*0*0*'Sticky Wild'!$E$25*1 -> 0 | AF21: =1*0*0*0*(1-'Sticky Wild'!$F$25) -> 0 | AG21: =1*0*0*0*1 -> 0
A22: =DEC2BIN(18,5) -> 10010 | B22: =(1-'Sticky Wild'!$B$25)*'Sticky Wild'!$C$25*'Sticky Wild'!$D$25*(1-'Sticky Wild'!$E$25)*'Sticky Wild'!$F$25 -> 0.0038194444 | C22: =(1-'Sticky Wild'!$B$25)*'Sticky Wild'!$C$25*'Sticky Wild'!$D$25*(1-'Sticky Wild'!$E$25)*0 -> 0 | D22: =(1-'Sticky Wild'!$B$25)*'Sticky Wild'!$C$25*'Sticky Wild'!$D$25*1*'Sticky Wild'!$F$25 -> 0.049652778 | E22: =(1-'Sticky Wild'!$B$25)*'Sticky Wild'!$C$25*'Sticky Wild'!$D$25*1*0 -> 0 | F22: =(1-'Sticky Wild'!$B$25)*'Sticky Wild'!$C$25*0*(1-'Sticky Wild'!$E$25)*'Sticky Wild'!$F$25 -> 0 | G22: =(1-'Sticky Wild'!$B$25)*'Sticky Wild'!$C$25*0*(1-'Sticky Wild'!$E$25)*0 -> 0 | H22: =(1-'Sticky Wild'!$B$25)*'Sticky Wild'!$C$25*0*1*'Sticky Wild'!$F$25 -> 0 | I22: =(1-'Sticky Wild'!$B$25)*'Sticky Wild'!$C$25*0*1*0 -> 0 | J22: =(1-'Sticky Wild'!$B$25)*0*'Sticky Wild'!$D$25*(1-'Sticky Wild'!$E$25)*'Sticky Wild'!$F$25 -> 0 | K22: =(1-'Sticky Wild'!$B$25)*0*'Sticky Wild'!$D$25*(1-'Sticky Wild'!$E$25)*0 -> 0 | L22: =(1-'Sticky Wild'!$B$25)*0*'Sticky Wild'!$D$25*1*'Sticky Wild'!$F$25 -> 0 | M22: =(1-'Sticky Wild'!$B$25)*0*'Sticky Wild'!$D$25*1*0 -> 0 | N22: =(1-'Sticky Wild'!$B$25)*0*0*(1-'Sticky Wild'!$E$25)*'Sticky Wild'!$F$25 -> 0 | O22: =(1-'Sticky Wild'!$B$25)*0*0*(1-'Sticky Wild'!$E$25)*0 -> 0 | P22: =(1-'Sticky Wild'!$B$25)*0*0*1*'Sticky Wild'!$F$25 -> 0 | Q22: =(1-'Sticky Wild'!$B$25)*0*0*1*0 -> 0 | R22: =1*'Sticky Wild'!$C$25*'Sticky Wild'!$D$25*(1-'Sticky Wild'!$E$25)*'Sticky Wild'!$F$25 -> 0.061111111 | S22: =1*'Sticky Wild'!$C$25*'Sticky Wild'!$D$25*(1-'Sticky Wild'!$E$25)*0 -> 0 | T22: =1*'Sticky Wild'!$C$25*'Sticky Wild'!$D$25*1*'Sticky Wild'!$F$25 -> 0.79444444 | U22: =1*'Sticky Wild'!$C$25*'Sticky Wild'!$D$25*1*0 -> 0 | V22: =1*'Sticky Wild'!$C$25*0*(1-'Sticky Wild'!$E$25)*'Sticky Wild'!$F$25 -> 0 | W22: =1*'Sticky Wild'!$C$25*0*(1-'Sticky Wild'!$E$25)*0 -> 0 | X22: =1*'Sticky Wild'!$C$25*0*1*'Sticky Wild'!$F$25 -> 0 | Y22: =1*'Sticky Wild'!$C$25*0*1*0 -> 0 | Z22: =1*0*'Sticky Wild'!$D$25*(1-'Sticky Wild'!$E$25)*'Sticky Wild'!$F$25 -> 0 | AA22: =1*0*'Sticky Wild'!$D$25*(1-'Sticky Wild'!$E$25)*0 -> 0 | AB22: =1*0*'Sticky Wild'!$D$25*1*'Sticky Wild'!$F$25 -> 0 | AC22: =1*0*'Sticky Wild'!$D$25*1*0 -> 0 | AD22: =1*0*0*(1-'Sticky Wild'!$E$25)*'Sticky Wild'!$F$25 -> 0 | AE22: =1*0*0*(1-'Sticky Wild'!$E$25)*0 -> 0 | AF22: =1*0*0*1*'Sticky Wild'!$F$25 -> 0 | AG22: =1*0*0*1*0 -> 0
A23: =DEC2BIN(19,5) -> 10011 | B23: =(1-'Sticky Wild'!$B$25)*'Sticky Wild'!$C$25*'Sticky Wild'!$D$25*(1-'Sticky Wild'!$E$25)*(1-'Sticky Wild'!$F$25) -> 0.00034722222 | C23: =(1-'Sticky Wild'!$B$25)*'Sticky Wild'!$C$25*'Sticky Wild'!$D$25*(1-'Sticky Wild'!$E$25)*1 -> 0.0041666667 | D23: =(1-'Sticky Wild'!$B$25)*'Sticky Wild'!$C$25*'Sticky Wild'!$D$25*1*(1-'Sticky Wild'!$F$25) -> 0.0045138889 | E23: =(1-'Sticky Wild'!$B$25)*'Sticky Wild'!$C$25*'Sticky Wild'!$D$25*1*1 -> 0.054166667 | F23: =(1-'Sticky Wild'!$B$25)*'Sticky Wild'!$C$25*0*(1-'Sticky Wild'!$E$25)*(1-'Sticky Wild'!$F$25) -> 0 | G23: =(1-'Sticky Wild'!$B$25)*'Sticky Wild'!$C$25*0*(1-'Sticky Wild'!$E$25)*1 -> 0 | H23: =(1-'Sticky Wild'!$B$25)*'Sticky Wild'!$C$25*0*1*(1-'Sticky Wild'!$F$25) -> 0 | I23: =(1-'Sticky Wild'!$B$25)*'Sticky Wild'!$C$25*0*1*1 -> 0 | J23: =(1-'Sticky Wild'!$B$25)*0*'Sticky Wild'!$D$25*(1-'Sticky Wild'!$E$25)*(1-'Sticky Wild'!$F$25) -> 0 | K23: =(1-'Sticky Wild'!$B$25)*0*'Sticky Wild'!$D$25*(1-'Sticky Wild'!$E$25)*1 -> 0 | L23: =(1-'Sticky Wild'!$B$25)*0*'Sticky Wild'!$D$25*1*(1-'Sticky Wild'!$F$25) -> 0 | M23: =(1-'Sticky Wild'!$B$25)*0*'Sticky Wild'!$D$25*1*1 -> 0 | N23: =(1-'Sticky Wild'!$B$25)*0*0*(1-'Sticky Wild'!$E$25)*(1-'Sticky Wild'!$F$25) -> 0 | O23: =(1-'Sticky Wild'!$B$25)*0*0*(1-'Sticky Wild'!$E$25)*1 -> 0 | P23: =(1-'Sticky Wild'!$B$25)*0*0*1*(1-'Sticky Wild'!$F$25) -> 0 | Q23: =(1-'Sticky Wild'!$B$25)*0*0*1*1 -> 0 | R23: =1*'Sticky Wild'!$C$25*'Sticky Wild'!$D$25*(1-'Sticky Wild'!$E$25)*(1-'Sticky Wild'!$F$25) -> 0.0055555556 | S23: =1*'Sticky Wild'!$C$25*'Sticky Wild'!$D$25*(1-'Sticky Wild'!$E$25)*1 -> 0.066666667 | T23: =1*'Sticky Wild'!$C$25*'Sticky Wild'!$D$25*1*(1-'Sticky Wild'!$F$25) -> 0.072222222 | U23: =1*'Sticky Wild'!$C$25*'Sticky Wild'!$D$25*1*1 -> 0.86666667 | V23: =1*'Sticky Wild'!$C$25*0*(1-'Sticky Wild'!$E$25)*(1-'Sticky Wild'!$F$25) -> 0 | W23: =1*'Sticky Wild'!$C$25*0*(1-'Sticky Wild'!$E$25)*1 -> 0 | X23: =1*'Sticky Wild'!$C$25*0*1*(1-'Sticky Wild'!$F$25) -> 0 | Y23: =1*'Sticky Wild'!$C$25*0*1*1 -> 0 | Z23: =1*0*'Sticky Wild'!$D$25*(1-'Sticky Wild'!$E$25)*(1-'Sticky Wild'!$F$25) -> 0 | AA23: =1*0*'Sticky Wild'!$D$25*(1-'Sticky Wild'!$E$25)*1 -> 0 | AB23: =1*0*'Sticky Wild'!$D$25*1*(1-'Sticky Wild'!$F$25) -> 0 | AC23: =1*0*'Sticky Wild'!$D$25*1*1 -> 0 | AD23: =1*0*0*(1-'Sticky Wild'!$E$25)*(1-'Sticky Wild'!$F$25) -> 0 | AE23: =1*0*0*(1-'Sticky Wild'!$E$25)*1 -> 0 | AF23: =1*0*0*1*(1-'Sticky Wild'!$F$25) -> 0 | AG23: =1*0*0*1*1 -> 0
A24: =DEC2BIN(20,5) -> 10100 | B24: =(1-'Sticky Wild'!$B$25)*'Sticky Wild'!$C$25*(1-'Sticky Wild'!$D$25)*'Sticky Wild'!$E$25*'Sticky Wild'!$F$25 -> 0.003525641 | C24: =(1-'Sticky Wild'!$B$25)*'Sticky Wild'!$C$25*(1-'Sticky Wild'!$D$25)*'Sticky Wild'!$E$25*0 -> 0 | D24: =(1-'Sticky Wild'!$B$25)*'Sticky Wild'!$C$25*(1-'Sticky Wild'!$D$25)*0*'Sticky Wild'!$F$25 -> 0 | E24: =(1-'Sticky Wild'!$B$25)*'Sticky Wild'!$C$25*(1-'Sticky Wild'!$D$25)*0*0 -> 0 | F24: =(1-'Sticky Wild'!$B$25)*'Sticky Wild'!$C$25*1*'Sticky Wild'!$E$25*'Sticky Wild'!$F$25 -> 0.049358974 | G24: =(1-'Sticky Wild'!$B$25)*'Sticky Wild'!$C$25*1*'Sticky Wild'!$E$25*0 -> 0 | H24: =(1-'Sticky Wild'!$B$25)*'Sticky Wild'!$C$25*1*0*'Sticky Wild'!$F$25 -> 0 | I24: =(1-'Sticky Wild'!$B$25)*'Sticky Wild'!$C$25*1*0*0 -> 0 | J24: =(1-'Sticky Wild'!$B$25)*0*(1-'Sticky Wild'!$D$25)*'Sticky Wild'!$E$25*'Sticky Wild'!$F$25 -> 0 | K24: =(1-'Sticky Wild'!$B$25)*0*(1-'Sticky Wild'!$D$25)*'Sticky Wild'!$E$25*0 -> 0 | L24: =(1-'Sticky Wild'!$B$25)*0*(1-'Sticky Wild'!$D$25)*0*'Sticky Wild'!$F$25 -> 0 | M24: =(1-'Sticky Wild'!$B$25)*0*(1-'Sticky Wild'!$D$25)*0*0 -> 0 | N24: =(1-'Sticky Wild'!$B$25)*0*1*'Sticky Wild'!$E$25*'Sticky Wild'!$F$25 -> 0 | O24: =(1-'Sticky Wild'!$B$25)*0*1*'Sticky Wild'!$E$25*0 -> 0 | P24: =(1-'Sticky Wild'!$B$25)*0*1*0*'Sticky Wild'!$F$25 -> 0 | Q24: =(1-'Sticky Wild'!$B$25)*0*1*0*0 -> 0 | R24: =1*'Sticky Wild'!$C$25*(1-'Sticky Wild'!$D$25)*'Sticky Wild'!$E$25*'Sticky Wild'!$F$25 -> 0.056410256 | S24: =1*'Sticky Wild'!$C$25*(1-'Sticky Wild'!$D$25)*'Sticky Wild'!$E$25*0 -> 0 | T24: =1*'Sticky Wild'!$C$25*(1-'Sticky Wild'!$D$25)*0*'Sticky Wild'!$F$25 -> 0 | U24: =1*'Sticky Wild'!$C$25*(1-'Sticky Wild'!$D$25)*0*0 -> 0 | V24: =1*'Sticky Wild'!$C$25*1*'Sticky Wild'!$E$25*'Sticky Wild'!$F$25 -> 0.78974359 | W24: =1*'Sticky Wild'!$C$25*1*'Sticky Wild'!$E$25*0 -> 0 | X24: =1*'Sticky Wild'!$C$25*1*0*'Sticky Wild'!$F$25 -> 0 | Y24: =1*'Sticky Wild'!$C$25*1*0*0 -> 0 | Z24: =1*0*(1-'Sticky Wild'!$D$25)*'Sticky Wild'!$E$25*'Sticky Wild'!$F$25 -> 0 | AA24: =1*0*(1-'Sticky Wild'!$D$25)*'Sticky Wild'!$E$25*0 -> 0 | AB24: =1*0*(1-'Sticky Wild'!$D$25)*0*'Sticky Wild'!$F$25 -> 0 | AC24: =1*0*(1-'Sticky Wild'!$D$25)*0*0 -> 0 | AD24: =1*0*1*'Sticky Wild'!$E$25*'Sticky Wild'!$F$25 -> 0 | AE24: =1*0*1*'Sticky Wild'!$E$25*0 -> 0 | AF24: =1*0*1*0*'Sticky Wild'!$F$25 -> 0 | AG24: =1*0*1*0*0 -> 0
A25: =DEC2BIN(21,5) -> 10101 | B25: =(1-'Sticky Wild'!$B$25)*'Sticky Wild'!$C$25*(1-'Sticky Wild'!$D$25)*'Sticky Wild'!$E$25*(1-'Sticky Wild'!$F$25) -> 0.00032051282 | C25: =(1-'Sticky Wild'!$B$25)*'Sticky Wild'!$C$25*(1-'Sticky Wild'!$D$25)*'Sticky Wild'!$E$25*1 -> 0.0038461538 | D25: =(1-'Sticky Wild'!$B$25)*'Sticky Wild'!$C$25*(1-'Sticky Wild'!$D$25)*0*(1-'Sticky Wild'!$F$25) -> 0 | E25: =(1-'Sticky Wild'!$B$25)*'Sticky Wild'!$C$25*(1-'Sticky Wild'!$D$25)*0*1 -> 0 | F25: =(1-'Sticky Wild'!$B$25)*'Sticky Wild'!$C$25*1*'Sticky Wild'!$E$25*(1-'Sticky Wild'!$F$25) -> 0.0044871795 | G25: =(1-'Sticky Wild'!$B$25)*'Sticky Wild'!$C$25*1*'Sticky Wild'!$E$25*1 -> 0.053846154 | H25: =(1-'Sticky Wild'!$B$25)*'Sticky Wild'!$C$25*1*0*(1-'Sticky Wild'!$F$25) -> 0 | I25: =(1-'Sticky Wild'!$B$25)*'Sticky Wild'!$C$25*1*0*1 -> 0 | J25: =(1-'Sticky Wild'!$B$25)*0*(1-'Sticky Wild'!$D$25)*'Sticky Wild'!$E$25*(1-'Sticky Wild'!$F$25) -> 0 | K25: =(1-'Sticky Wild'!$B$25)*0*(1-'Sticky Wild'!$D$25)*'Sticky Wild'!$E$25*1 -> 0 | L25: =(1-'Sticky Wild'!$B$25)*0*(1-'Sticky Wild'!$D$25)*0*(1-'Sticky Wild'!$F$25) -> 0 | M25: =(1-'Sticky Wild'!$B$25)*0*(1-'Sticky Wild'!$D$25)*0*1 -> 0 | N25: =(1-'Sticky Wild'!$B$25)*0*1*'Sticky Wild'!$E$25*(1-'Sticky Wild'!$F$25) -> 0 | O25: =(1-'Sticky Wild'!$B$25)*0*1*'Sticky Wild'!$E$25*1 -> 0 | P25: =(1-'Sticky Wild'!$B$25)*0*1*0*(1-'Sticky Wild'!$F$25) -> 0 | Q25: =(1-'Sticky Wild'!$B$25)*0*1*0*1 -> 0 | R25: =1*'Sticky Wild'!$C$25*(1-'Sticky Wild'!$D$25)*'Sticky Wild'!$E$25*(1-'Sticky Wild'!$F$25) -> 0.0051282051 | S25: =1*'Sticky Wild'!$C$25*(1-'Sticky Wild'!$D$25)*'Sticky Wild'!$E$25*1 -> 0.061538462 | T25: =1*'Sticky Wild'!$C$25*(1-'Sticky Wild'!$D$25)*0*(1-'Sticky Wild'!$F$25) -> 0 | U25: =1*'Sticky Wild'!$C$25*(1-'Sticky Wild'!$D$25)*0*1 -> 0 | V25: =1*'Sticky Wild'!$C$25*1*'Sticky Wild'!$E$25*(1-'Sticky Wild'!$F$25) -> 0.071794872 | W25: =1*'Sticky Wild'!$C$25*1*'Sticky Wild'!$E$25*1 -> 0.86153846 | X25: =1*'Sticky Wild'!$C$25*1*0*(1-'Sticky Wild'!$F$25) -> 0 | Y25: =1*'Sticky Wild'!$C$25*1*0*1 -> 0 | Z25: =1*0*(1-'Sticky Wild'!$D$25)*'Sticky Wild'!$E$25*(1-'Sticky Wild'!$F$25) -> 0 | AA25: =1*0*(1-'Sticky Wild'!$D$25)*'Sticky Wild'!$E$25*1 -> 0 | AB25: =1*0*(1-'Sticky Wild'!$D$25)*0*(1-'Sticky Wild'!$F$25) -> 0 | AC25: =1*0*(1-'Sticky Wild'!$D$25)*0*1 -> 0 | AD25: =1*0*1*'Sticky Wild'!$E$25*(1-'Sticky Wild'!$F$25) -> 0 | AE25: =1*0*1*'Sticky Wild'!$E$25*1 -> 0 | AF25: =1*0*1*0*(1-'Sticky Wild'!$F$25) -> 0 | AG25: =1*0*1*0*1 -> 0
A26: =DEC2BIN(22,5) -> 10110 | B26: =(1-'Sticky Wild'!$B$25)*'Sticky Wild'!$C$25*(1-'Sticky Wild'!$D$25)*(1-'Sticky Wild'!$E$25)*'Sticky Wild'!$F$25 -> 0.00029380342 | C26: =(1-'Sticky Wild'!$B$25)*'Sticky Wild'!$C$25*(1-'Sticky Wild'!$D$25)*(1-'Sticky Wild'!$E$25)*0 -> 0 | D26: =(1-'Sticky Wild'!$B$25)*'Sticky Wild'!$C$25*(1-'Sticky Wild'!$D$25)*1*'Sticky Wild'!$F$25 -> 0.0038194444 | E26: =(1-'Sticky Wild'!$B$25)*'Sticky Wild'!$C$25*(1-'Sticky Wild'!$D$25)*1*0 -> 0 | F26: =(1-'Sticky Wild'!$B$25)*'Sticky Wild'!$C$25*1*(1-'Sticky Wild'!$E$25)*'Sticky Wild'!$F$25 -> 0.0041132479 | G26: =(1-'Sticky Wild'!$B$25)*'Sticky Wild'!$C$25*1*(1-'Sticky Wild'!$E$25)*0 -> 0 | H26: =(1-'Sticky Wild'!$B$25)*'Sticky Wild'!$C$25*1*1*'Sticky Wild'!$F$25 -> 0.053472222 | I26: =(1-'Sticky Wild'!$B$25)*'Sticky Wild'!$C$25*1*1*0 -> 0 | J26: =(1-'Sticky Wild'!$B$25)*0*(1-'Sticky Wild'!$D$25)*(1-'Sticky Wild'!$E$25)*'Sticky Wild'!$F$25 -> 0 | K26: =(1-'Sticky Wild'!$B$25)*0*(1-'Sticky Wild'!$D$25)*(1-'Sticky Wild'!$E$25)*0 -> 0 | L26: =(1-'Sticky Wild'!$B$25)*0*(1-'Sticky Wild'!$D$25)*1*'Sticky Wild'!$F$25 -> 0 | M26: =(1-'Sticky Wild'!$B$25)*0*(1-'Sticky Wild'!$D$25)*1*0 -> 0 | N26: =(1-'Sticky Wild'!$B$25)*0*1*(1-'Sticky Wild'!$E$25)*'Sticky Wild'!$F$25 -> 0 | O26: =(1-'Sticky Wild'!$B$25)*0*1*(1-'Sticky Wild'!$E$25)*0 -> 0 | P26: =(1-'Sticky Wild'!$B$25)*0*1*1*'Sticky Wild'!$F$25 -> 0 | Q26: =(1-'Sticky Wild'!$B$25)*0*1*1*0 -> 0 | R26: =1*'Sticky Wild'!$C$25*(1-'Sticky Wild'!$D$25)*(1-'Sticky Wild'!$E$25)*'Sticky Wild'!$F$25 -> 0.0047008547 | S26: =1*'Sticky Wild'!$C$25*(1-'Sticky Wild'!$D$25)*(1-'Sticky Wild'!$E$25)*0 -> 0 | T26: =1*'Sticky Wild'!$C$25*(1-'Sticky Wild'!$D$25)*1*'Sticky Wild'!$F$25 -> 0.061111111 | U26: =1*'Sticky Wild'!$C$25*(1-'Sticky Wild'!$D$25)*1*0 -> 0 | V26: =1*'Sticky Wild'!$C$25*1*(1-'Sticky Wild'!$E$25)*'Sticky Wild'!$F$25 -> 0.065811966 | W26: =1*'Sticky Wild'!$C$25*1*(1-'Sticky Wild'!$E$25)*0 -> 0 | X26: =1*'Sticky Wild'!$C$25*1*1*'Sticky Wild'!$F$25 -> 0.85555556 | Y26: =1*'Sticky Wild'!$C$25*1*1*0 -> 0 | Z26: =1*0*(1-'Sticky Wild'!$D$25)*(1-'Sticky Wild'!$E$25)*'Sticky Wild'!$F$25 -> 0 | AA26: =1*0*(1-'Sticky Wild'!$D$25)*(1-'Sticky Wild'!$E$25)*0 -> 0 | AB26: =1*0*(1-'Sticky Wild'!$D$25)*1*'Sticky Wild'!$F$25 -> 0 | AC26: =1*0*(1-'Sticky Wild'!$D$25)*1*0 -> 0 | AD26: =1*0*1*(1-'Sticky Wild'!$E$25)*'Sticky Wild'!$F$25 -> 0 | AE26: =1*0*1*(1-'Sticky Wild'!$E$25)*0 -> 0 | AF26: =1*0*1*1*'Sticky Wild'!$F$25 -> 0 | AG26: =1*0*1*1*0 -> 0
A27: =DEC2BIN(23,5) -> 10111 | B27: =(1-'Sticky Wild'!$B$25)*'Sticky Wild'!$C$25*(1-'Sticky Wild'!$D$25)*(1-'Sticky Wild'!$E$25)*(1-'Sticky Wild'!$F$25) -> 2.6709402e-05 | C27: =(1-'Sticky Wild'!$B$25)*'Sticky Wild'!$C$25*(1-'Sticky Wild'!$D$25)*(1-'Sticky Wild'!$E$25)*1 -> 0.00032051282 | D27: =(1-'Sticky Wild'!$B$25)*'Sticky Wild'!$C$25*(1-'Sticky Wild'!$D$25)*1*(1-'Sticky Wild'!$F$25) -> 0.00034722222 | E27: =(1-'Sticky Wild'!$B$25)*'Sticky Wild'!$C$25*(1-'Sticky Wild'!$D$25)*1*1 -> 0.0041666667 | F27: =(1-'Sticky Wild'!$B$25)*'Sticky Wild'!$C$25*1*(1-'Sticky Wild'!$E$25)*(1-'Sticky Wild'!$F$25) -> 0.00037393162 | G27: =(1-'Sticky Wild'!$B$25)*'Sticky Wild'!$C$25*1*(1-'Sticky Wild'!$E$25)*1 -> 0.0044871795 | H27: =(1-'Sticky Wild'!$B$25)*'Sticky Wild'!$C$25*1*1*(1-'Sticky Wild'!$F$25) -> 0.0048611111 | I27: =(1-'Sticky Wild'!$B$25)*'Sticky Wild'!$C$25*1*1*1 -> 0.058333333 | J27: =(1-'Sticky Wild'!$B$25)*0*(1-'Sticky Wild'!$D$25)*(1-'Sticky Wild'!$E$25)*(1-'Sticky Wild'!$F$25) -> 0 | K27: =(1-'Sticky Wild'!$B$25)*0*(1-'Sticky Wild'!$D$25)*(1-'Sticky Wild'!$E$25)*1 -> 0 | L27: =(1-'Sticky Wild'!$B$25)*0*(1-'Sticky Wild'!$D$25)*1*(1-'Sticky Wild'!$F$25) -> 0 | M27: =(1-'Sticky Wild'!$B$25)*0*(1-'Sticky Wild'!$D$25)*1*1 -> 0 | N27: =(1-'Sticky Wild'!$B$25)*0*1*(1-'Sticky Wild'!$E$25)*(1-'Sticky Wild'!$F$25) -> 0 | O27: =(1-'Sticky Wild'!$B$25)*0*1*(1-'Sticky Wild'!$E$25)*1 -> 0 | P27: =(1-'Sticky Wild'!$B$25)*0*1*1*(1-'Sticky Wild'!$F$25) -> 0 | Q27: =(1-'Sticky Wild'!$B$25)*0*1*1*1 -> 0 | R27: =1*'Sticky Wild'!$C$25*(1-'Sticky Wild'!$D$25)*(1-'Sticky Wild'!$E$25)*(1-'Sticky Wild'!$F$25) -> 0.00042735043 | S27: =1*'Sticky Wild'!$C$25*(1-'Sticky Wild'!$D$25)*(1-'Sticky Wild'!$E$25)*1 -> 0.0051282051 | T27: =1*'Sticky Wild'!$C$25*(1-'Sticky Wild'!$D$25)*1*(1-'Sticky Wild'!$F$25) -> 0.0055555556 | U27: =1*'Sticky Wild'!$C$25*(1-'Sticky Wild'!$D$25)*1*1 -> 0.066666667 | V27: =1*'Sticky Wild'!$C$25*1*(1-'Sticky Wild'!$E$25)*(1-'Sticky Wild'!$F$25) -> 0.005982906 | W27: =1*'Sticky Wild'!$C$25*1*(1-'Sticky Wild'!$E$25)*1 -> 0.071794872 | X27: =1*'Sticky Wild'!$C$25*1*1*(1-'Sticky Wild'!$F$25) -> 0.077777778 | Y27: =1*'Sticky Wild'!$C$25*1*1*1 -> 0.93333333 | Z27: =1*0*(1-'Sticky Wild'!$D$25)*(1-'Sticky Wild'!$E$25)*(1-'Sticky Wild'!$F$25) -> 0 | AA27: =1*0*(1-'Sticky Wild'!$D$25)*(1-'Sticky Wild'!$E$25)*1 -> 0 | AB27: =1*0*(1-'Sticky Wild'!$D$25)*1*(1-'Sticky Wild'!$F$25) -> 0 | AC27: =1*0*(1-'Sticky Wild'!$D$25)*1*1 -> 0 | AD27: =1*0*1*(1-'Sticky Wild'!$E$25)*(1-'Sticky Wild'!$F$25) -> 0 | AE27: =1*0*1*(1-'Sticky Wild'!$E$25)*1 -> 0 | AF27: =1*0*1*1*(1-'Sticky Wild'!$F$25) -> 0 | AG27: =1*0*1*1*1 -> 0
A28: =DEC2BIN(24,5) -> 11000 | B28: =(1-'Sticky Wild'!$B$25)*(1-'Sticky Wild'!$C$25)*'Sticky Wild'!$D$25*'Sticky Wild'!$E$25*'Sticky Wild'!$F$25 -> 0.0032738095 | C28: =(1-'Sticky Wild'!$B$25)*(1-'Sticky Wild'!$C$25)*'Sticky Wild'!$D$25*'Sticky Wild'!$E$25*0 -> 0 | D28: =(1-'Sticky Wild'!$B$25)*(1-'Sticky Wild'!$C$25)*'Sticky Wild'!$D$25*0*'Sticky Wild'!$F$25 -> 0 | E28: =(1-'Sticky Wild'!$B$25)*(1-'Sticky Wild'!$C$25)*'Sticky Wild'!$D$25*0*0 -> 0 | F28: =(1-'Sticky Wild'!$B$25)*(1-'Sticky Wild'!$C$25)*0*'Sticky Wild'!$E$25*'Sticky Wild'!$F$25 -> 0 | G28: =(1-'Sticky Wild'!$B$25)*(1-'Sticky Wild'!$C$25)*0*'Sticky Wild'!$E$25*0 -> 0 | H28: =(1-'Sticky Wild'!$B$25)*(1-'Sticky Wild'!$C$25)*0*0*'Sticky Wild'!$F$25 -> 0 | I28: =(1-'Sticky Wild'!$B$25)*(1-'Sticky Wild'!$C$25)*0*0*0 -> 0 | J28: =(1-'Sticky Wild'!$B$25)*1*'Sticky Wild'!$D$25*'Sticky Wild'!$E$25*'Sticky Wild'!$F$25 -> 0.049107143 | K28: =(1-'Sticky Wild'!$B$25)*1*'Sticky Wild'!$D$25*'Sticky Wild'!$E$25*0 -> 0 | L28: =(1-'Sticky Wild'!$B$25)*1*'Sticky Wild'!$D$25*0*'Sticky Wild'!$F$25 -> 0 | M28: =(1-'Sticky Wild'!$B$25)*1*'Sticky Wild'!$D$25*0*0 -> 0 | N28: =(1-'Sticky Wild'!$B$25)*1*0*'Sticky Wild'!$E$25*'Sticky Wild'!$F$25 -> 0 | O28: =(1-'Sticky Wild'!$B$25)*1*0*'Sticky Wild'!$E$25*0 -> 0 | P28: =(1-'Sticky Wild'!$B$25)*1*0*0*'Sticky Wild'!$F$25 -> 0 | Q28: =(1-'Sticky Wild'!$B$25)*1*0*0*0 -> 0 | R28: =1*(1-'Sticky Wild'!$C$25)*'Sticky Wild'!$D$25*'Sticky Wild'!$E$25*'Sticky Wild'!$F$25 -> 0.052380952 | S28: =1*(1-'Sticky Wild'!$C$25)*'Sticky Wild'!$D$25*'Sticky Wild'!$E$25*0 -> 0 | T28: =1*(1-'Sticky Wild'!$C$25)*'Sticky Wild'!$D$25*0*'Sticky Wild'!$F$25 -> 0 | U28: =1*(1-'Sticky Wild'!$C$25)*'Sticky Wild'!$D$25*0*0 -> 0 | V28: =1*(1-'Sticky Wild'!$C$25)*0*'Sticky Wild'!$E$25*'Sticky Wild'!$F$25 -> 0 | W28: =1*(1-'Sticky Wild'!$C$25)*0*'Sticky Wild'!$E$25*0 -> 0 | X28: =1*(1-'Sticky Wild'!$C$25)*0*0*'Sticky Wild'!$F$25 -> 0 | Y28: =1*(1-'Sticky Wild'!$C$25)*0*0*0 -> 0 | Z28: =1*1*'Sticky Wild'!$D$25*'Sticky Wild'!$E$25*'Sticky Wild'!$F$25 -> 0.78571429 | AA28: =1*1*'Sticky Wild'!$D$25*'Sticky Wild'!$E$25*0 -> 0 | AB28: =1*1*'Sticky Wild'!$D$25*0*'Sticky Wild'!$F$25 -> 0 | AC28: =1*1*'Sticky Wild'!$D$25*0*0 -> 0 | AD28: =1*1*0*'Sticky Wild'!$E$25*'Sticky Wild'!$F$25 -> 0 | AE28: =1*1*0*'Sticky Wild'!$E$25*0 -> 0 | AF28: =1*1*0*0*'Sticky Wild'!$F$25 -> 0 | AG28: =1*1*0*0*0 -> 0
A29: =DEC2BIN(25,5) -> 11001 | B29: =(1-'Sticky Wild'!$B$25)*(1-'Sticky Wild'!$C$25)*'Sticky Wild'!$D$25*'Sticky Wild'!$E$25*(1-'Sticky Wild'!$F$25) -> 0.00029761905 | C29: =(1-'Sticky Wild'!$B$25)*(1-'Sticky Wild'!$C$25)*'Sticky Wild'!$D$25*'Sticky Wild'!$E$25*1 -> 0.0035714286 | D29: =(1-'Sticky Wild'!$B$25)*(1-'Sticky Wild'!$C$25)*'Sticky Wild'!$D$25*0*(1-'Sticky Wild'!$F$25) -> 0 | E29: =(1-'Sticky Wild'!$B$25)*(1-'Sticky Wild'!$C$25)*'Sticky Wild'!$D$25*0*1 -> 0 | F29: =(1-'Sticky Wild'!$B$25)*(1-'Sticky Wild'!$C$25)*0*'Sticky Wild'!$E$25*(1-'Sticky Wild'!$F$25) -> 0 | G29: =(1-'Sticky Wild'!$B$25)*(1-'Sticky Wild'!$C$25)*0*'Sticky Wild'!$E$25*1 -> 0 | H29: =(1-'Sticky Wild'!$B$25)*(1-'Sticky Wild'!$C$25)*0*0*(1-'Sticky Wild'!$F$25) -> 0 | I29: =(1-'Sticky Wild'!$B$25)*(1-'Sticky Wild'!$C$25)*0*0*1 -> 0 | J29: =(1-'Sticky Wild'!$B$25)*1*'Sticky Wild'!$D$25*'Sticky Wild'!$E$25*(1-'Sticky Wild'!$F$25) -> 0.0044642857 | K29: =(1-'Sticky Wild'!$B$25)*1*'Sticky Wild'!$D$25*'Sticky Wild'!$E$25*1 -> 0.053571429 | L29: =(1-'Sticky Wild'!$B$25)*1*'Sticky Wild'!$D$25*0*(1-'Sticky Wild'!$F$25) -> 0 | M29: =(1-'Sticky Wild'!$B$25)*1*'Sticky Wild'!$D$25*0*1 -> 0 | N29: =(1-'Sticky Wild'!$B$25)*1*0*'Sticky Wild'!$E$25*(1-'Sticky Wild'!$F$25) -> 0 | O29: =(1-'Sticky Wild'!$B$25)*1*0*'Sticky Wild'!$E$25*1 -> 0 | P29: =(1-'Sticky Wild'!$B$25)*1*0*0*(1-'Sticky Wild'!$F$25) -> 0 | Q29: =(1-'Sticky Wild'!$B$25)*1*0*0*1 -> 0 | R29: =1*(1-'Sticky Wild'!$C$25)*'Sticky Wild'!$D$25*'Sticky Wild'!$E$25*(1-'Sticky Wild'!$F$25) -> 0.0047619048 | S29: =1*(1-'Sticky Wild'!$C$25)*'Sticky Wild'!$D$25*'Sticky Wild'!$E$25*1 -> 0.057142857 | T29: =1*(1-'Sticky Wild'!$C$25)*'Sticky Wild'!$D$25*0*(1-'Sticky Wild'!$F$25) -> 0 | U29: =1*(1-'Sticky Wild'!$C$25)*'Sticky Wild'!$D$25*0*1 -> 0 | V29: =1*(1-'Sticky Wild'!$C$25)*0*'Sticky Wild'!$E$25*(1-'Sticky Wild'!$F$25) -> 0 | W29: =1*(1-'Sticky Wild'!$C$25)*0*'Sticky Wild'!$E$25*1 -> 0 | X29: =1*(1-'Sticky Wild'!$C$25)*0*0*(1-'Sticky Wild'!$F$25) -> 0 | Y29: =1*(1-'Sticky Wild'!$C$25)*0*0*1 -> 0 | Z29: =1*1*'Sticky Wild'!$D$25*'Sticky Wild'!$E$25*(1-'Sticky Wild'!$F$25) -> 0.071428571 | AA29: =1*1*'Sticky Wild'!$D$25*'Sticky Wild'!$E$25*1 -> 0.85714286 | AB29: =1*1*'Sticky Wild'!$D$25*0*(1-'Sticky Wild'!$F$25) -> 0 | AC29: =1*1*'Sticky Wild'!$D$25*0*1 -> 0 | AD29: =1*1*0*'Sticky Wild'!$E$25*(1-'Sticky Wild'!$F$25) -> 0 | AE29: =1*1*0*'Sticky Wild'!$E$25*1 -> 0 | AF29: =1*1*0*0*(1-'Sticky Wild'!$F$25) -> 0 | AG29: =1*1*0*0*1 -> 0
A30: =DEC2BIN(26,5) -> 11010 | B30: =(1-'Sticky Wild'!$B$25)*(1-'Sticky Wild'!$C$25)*'Sticky Wild'!$D$25*(1-'Sticky Wild'!$E$25)*'Sticky Wild'!$F$25 -> 0.00027281746 | C30: =(1-'Sticky Wild'!$B$25)*(1-'Sticky Wild'!$C$25)*'Sticky Wild'!$D$25*(1-'Sticky Wild'!$E$25)*0 -> 0 | D30: =(1-'Sticky Wild'!$B$25)*(1-'Sticky Wild'!$C$25)*'Sticky Wild'!$D$25*1*'Sticky Wild'!$F$25 -> 0.003546627 | E30: =(1-'Sticky Wild'!$B$25)*(1-'Sticky Wild'!$C$25)*'Sticky Wild'!$D$25*1*0 -> 0 | F30: =(1-'Sticky Wild'!$B$25)*(1-'Sticky Wild'!$C$25)*0*(1-'Sticky Wild'!$E$25)*'Sticky Wild'!$F$25 -> 0 | G30: =(1-'Sticky Wild'!$B$25)*(1-'Sticky Wild'!$C$25)*0*(1-'Sticky Wild'!$E$25)*0 -> 0 | H30: =(1-'Sticky Wild'!$B$25)*(1-'Sticky Wild'!$C$25)*0*1*'Sticky Wild'!$F$25 -> 0 | I30: =(1-'Sticky Wild'!$B$25)*(1-'Sticky Wild'!$C$25)*0*1*0 -> 0 | J30: =(1-'Sticky Wild'!$B$25)*1*'Sticky Wild'!$D$25*(1-'Sticky Wild'!$E$25)*'Sticky Wild'!$F$25 -> 0.0040922619 | K30: =(1-'Sticky Wild'!$B$25)*1*'Sticky Wild'!$D$25*(1-'Sticky Wild'!$E$25)*0 -> 0 | L30: =(1-'Sticky Wild'!$B$25)*1*'Sticky Wild'!$D$25*1*'Sticky Wild'!$F$25 -> 0.053199405 | M30: =(1-'Sticky Wild'!$B$25)*1*'Sticky Wild'!$D$25*1*0 -> 0 | N30: =(1-'Sticky Wild'!$B$25)*1*0*(1-'Sticky Wild'!$E$25)*'Sticky Wild'!$F$25 -> 0 | O30: =(1-'Sticky Wild'!$B$25)*1*0*(1-'Sticky Wild'!$E$25)*0 -> 0 | P30: =(1-'Sticky Wild'!$B$25)*1*0*1*'Sticky Wild'!$F$25 -> 0 | Q30: =(1-'Sticky Wild'!$B$25)*1*0*1*0 -> 0 | R30: =1*(1-'Sticky Wild'!$C$25)*'Sticky Wild'!$D$25*(1-'Sticky Wild'!$E$25)*'Sticky Wild'!$F$25 -> 0.0043650794 | S30: =1*(1-'Sticky Wild'!$C$25)*'Sticky Wild'!$D$25*(1-'Sticky Wild'!$E$25)*0 -> 0 | T30: =1*(1-'Sticky Wild'!$C$25)*'Sticky Wild'!$D$25*1*'Sticky Wild'!$F$25 -> 0.056746032 | U30: =1*(1-'Sticky Wild'!$C$25)*'Sticky Wild'!$D$25*1*0 -> 0 | V30: =1*(1-'Sticky Wild'!$C$25)*0*(1-'Sticky Wild'!$E$25)*'Sticky Wild'!$F$25 -> 0 | W30: =1*(1-'Sticky Wild'!$C$25)*0*(1-'Sticky Wild'!$E$25)*0 -> 0 | X30: =1*(1-'Sticky Wild'!$C$25)*0*1*'Sticky Wild'!$F$25 -> 0 | Y30: =1*(1-'Sticky Wild'!$C$25)*0*1*0 -> 0 | Z30: =1*1*'Sticky Wild'!$D$25*(1-'Sticky Wild'!$E$25)*'Sticky Wild'!$F$25 -> 0.06547619 | AA30: =1*1*'Sticky Wild'!$D$25*(1-'Sticky Wild'!$E$25)*0 -> 0 | AB30: =1*1*'Sticky Wild'!$D$25*1*'Sticky Wild'!$F$25 -> 0.85119048 | AC30: =1*1*'Sticky Wild'!$D$25*1*0 -> 0 | AD30: =1*1*0*(1-'Sticky Wild'!$E$25)*'Sticky Wild'!$F$25 -> 0 | AE30: =1*1*0*(1-'Sticky Wild'!$E$25)*0 -> 0 | AF30: =1*1*0*1*'Sticky Wild'!$F$25 -> 0 | AG30: =1*1*0*1*0 -> 0
A31: =DEC2BIN(27,5) -> 11011 | B31: =(1-'Sticky Wild'!$B$25)*(1-'Sticky Wild'!$C$25)*'Sticky Wild'!$D$25*(1-'Sticky Wild'!$E$25)*(1-'Sticky Wild'!$F$25) -> 2.4801587e-05 | C31: =(1-'Sticky Wild'!$B$25)*(1-'Sticky Wild'!$C$25)*'Sticky Wild'!$D$25*(1-'Sticky Wild'!$E$25)*1 -> 0.00029761905 | D31: =(1-'Sticky Wild'!$B$25)*(1-'Sticky Wild'!$C$25)*'Sticky Wild'!$D$25*1*(1-'Sticky Wild'!$F$25) -> 0.00032242063 | E31: =(1-'Sticky Wild'!$B$25)*(1-'Sticky Wild'!$C$25)*'Sticky Wild'!$D$25*1*1 -> 0.0038690476 | F31: =(1-'Sticky Wild'!$B$25)*(1-'Sticky Wild'!$C$25)*0*(1-'Sticky Wild'!$E$25)*(1-'Sticky Wild'!$F$25) -> 0 | G31: =(1-'Sticky Wild'!$B$25)*(1-'Sticky Wild'!$C$25)*0*(1-'Sticky Wild'!$E$25)*1 -> 0 | H31: =(1-'Sticky Wild'!$B$25)*(1-'Sticky Wild'!$C$25)*0*1*(1-'Sticky Wild'!$F$25) -> 0 | I31: =(1-'Sticky Wild'!$B$25)*(1-'Sticky Wild'!$C$25)*0*1*1 -> 0 | J31: =(1-'Sticky Wild'!$B$25)*1*'Sticky Wild'!$D$25*(1-'Sticky Wild'!$E$25)*(1-'Sticky Wild'!$F$25) -> 0.00037202381 | K31: =(1-'Sticky Wild'!$B$25)*1*'Sticky Wild'!$D$25*(1-'Sticky Wild'!$E$25)*1 -> 0.0044642857 | L31: =(1-'Sticky Wild'!$B$25)*1*'Sticky Wild'!$D$25*1*(1-'Sticky Wild'!$F$25) -> 0.0048363095 | M31: =(1-'Sticky Wild'!$B$25)*1*'Sticky Wild'!$D$25*1*1 -> 0.058035714 | N31: =(1-'Sticky Wild'!$B$25)*1*0*(1-'Sticky Wild'!$E$25)*(1-'Sticky Wild'!$F$25) -> 0 | O31: =(1-'Sticky Wild'!$B$25)*1*0*(1-'Sticky Wild'!$E$25)*1 -> 0 | P31: =(1-'Sticky Wild'!$B$25)*1*0*1*(1-'Sticky Wild'!$F$25) -> 0 | Q31: =(1-'Sticky Wild'!$B$25)*1*0*1*1 -> 0 | R31: =1*(1-'Sticky Wild'!$C$25)*'Sticky Wild'!$D$25*(1-'Sticky Wild'!$E$25)*(1-'Sticky Wild'!$F$25) -> 0.0003968254 | S31: =1*(1-'Sticky Wild'!$C$25)*'Sticky Wild'!$D$25*(1-'Sticky Wild'!$E$25)*1 -> 0.0047619048 | T31: =1*(1-'Sticky Wild'!$C$25)*'Sticky Wild'!$D$25*1*(1-'Sticky Wild'!$F$25) -> 0.0051587302 | U31: =1*(1-'Sticky Wild'!$C$25)*'Sticky Wild'!$D$25*1*1 -> 0.061904762 | V31: =1*(1-'Sticky Wild'!$C$25)*0*(1-'Sticky Wild'!$E$25)*(1-'Sticky Wild'!$F$25) -> 0 | W31: =1*(1-'Sticky Wild'!$C$25)*0*(1-'Sticky Wild'!$E$25)*1 -> 0 | X31: =1*(1-'Sticky Wild'!$C$25)*0*1*(1-'Sticky Wild'!$F$25) -> 0 | Y31: =1*(1-'Sticky Wild'!$C$25)*0*1*1 -> 0 | Z31: =1*1*'Sticky Wild'!$D$25*(1-'Sticky Wild'!$E$25)*(1-'Sticky Wild'!$F$25) -> 0.005952381 | AA31: =1*1*'Sticky Wild'!$D$25*(1-'Sticky Wild'!$E$25)*1 -> 0.071428571 | AB31: =1*1*'Sticky Wild'!$D$25*1*(1-'Sticky Wild'!$F$25) -> 0.077380952 | AC31: =1*1*'Sticky Wild'!$D$25*1*1 -> 0.92857143 | AD31: =1*1*0*(1-'Sticky Wild'!$E$25)*(1-'Sticky Wild'!$F$25) -> 0 | AE31: =1*1*0*(1-'Sticky Wild'!$E$25)*1 -> 0 | AF31: =1*1*0*1*(1-'Sticky Wild'!$F$25) -> 0 | AG31: =1*1*0*1*1 -> 0
A32: =DEC2BIN(28,5) -> 11100 | B32: =(1-'Sticky Wild'!$B$25)*(1-'Sticky Wild'!$C$25)*(1-'Sticky Wild'!$D$25)*'Sticky Wild'!$E$25*'Sticky Wild'!$F$25 -> 0.0002518315 | C32: =(1-'Sticky Wild'!$B$25)*(1-'Sticky Wild'!$C$25)*(1-'Sticky Wild'!$D$25)*'Sticky Wild'!$E$25*0 -> 0 | D32: =(1-'Sticky Wild'!$B$25)*(1-'Sticky Wild'!$C$25)*(1-'Sticky Wild'!$D$25)*0*'Sticky Wild'!$F$25 -> 0 | E32: =(1-'Sticky Wild'!$B$25)*(1-'Sticky Wild'!$C$25)*(1-'Sticky Wild'!$D$25)*0*0 -> 0 | F32: =(1-'Sticky Wild'!$B$25)*(1-'Sticky Wild'!$C$25)*1*'Sticky Wild'!$E$25*'Sticky Wild'!$F$25 -> 0.003525641 | G32: =(1-'Sticky Wild'!$B$25)*(1-'Sticky Wild'!$C$25)*1*'Sticky Wild'!$E$25*0 -> 0 | H32: =(1-'Sticky Wild'!$B$25)*(1-'Sticky Wild'!$C$25)*1*0*'Sticky Wild'!$F$25 -> 0 | I32: =(1-'Sticky Wild'!$B$25)*(1-'Sticky Wild'!$C$25)*1*0*0 -> 0 | J32: =(1-'Sticky Wild'!$B$25)*1*(1-'Sticky Wild'!$D$25)*'Sticky Wild'!$E$25*'Sticky Wild'!$F$25 -> 0.0037774725 | K32: =(1-'Sticky Wild'!$B$25)*1*(1-'Sticky Wild'!$D$25)*'Sticky Wild'!$E$25*0 -> 0 | L32: =(1-'Sticky Wild'!$B$25)*1*(1-'Sticky Wild'!$D$25)*0*'Sticky Wild'!$F$25 -> 0 | M32: =(1-'Sticky Wild'!$B$25)*1*(1-'Sticky Wild'!$D$25)*0*0 -> 0 | N32: =(1-'Sticky Wild'!$B$25)*1*1*'Sticky Wild'!$E$25*'Sticky Wild'!$F$25 -> 0.052884615 | O32: =(1-'Sticky Wild'!$B$25)*1*1*'Sticky Wild'!$E$25*0 -> 0 | P32: =(1-'Sticky Wild'!$B$25)*1*1*0*'Sticky Wild'!$F$25 -> 0 | Q32: =(1-'Sticky Wild'!$B$25)*1*1*0*0 -> 0 | R32: =1*(1-'Sticky Wild'!$C$25)*(1-'Sticky Wild'!$D$25)*'Sticky Wild'!$E$25*'Sticky Wild'!$F$25 -> 0.004029304 | S32: =1*(1-'Sticky Wild'!$C$25)*(1-'Sticky Wild'!$D$25)*'Sticky Wild'!$E$25*0 -> 0 | T32: =1*(1-'Sticky Wild'!$C$25)*(1-'Sticky Wild'!$D$25)*0*'Sticky Wild'!$F$25 -> 0 | U32: =1*(1-'Sticky Wild'!$C$25)*(1-'Sticky Wild'!$D$25)*0*0 -> 0 | V32: =1*(1-'Sticky Wild'!$C$25)*1*'Sticky Wild'!$E$25*'Sticky Wild'!$F$25 -> 0.056410256 | W32: =1*(1-'Sticky Wild'!$C$25)*1*'Sticky Wild'!$E$25*0 -> 0 | X32: =1*(1-'Sticky Wild'!$C$25)*1*0*'Sticky Wild'!$F$25 -> 0 | Y32: =1*(1-'Sticky Wild'!$C$25)*1*0*0 -> 0 | Z32: =1*1*(1-'Sticky Wild'!$D$25)*'Sticky Wild'!$E$25*'Sticky Wild'!$F$25 -> 0.06043956 | AA32: =1*1*(1-'Sticky Wild'!$D$25)*'Sticky Wild'!$E$25*0 -> 0 | AB32: =1*1*(1-'Sticky Wild'!$D$25)*0*'Sticky Wild'!$F$25 -> 0 | AC32: =1*1*(1-'Sticky Wild'!$D$25)*0*0 -> 0 | AD32: =1*1*1*'Sticky Wild'!$E$25*'Sticky Wild'!$F$25 -> 0.84615385 | AE32: =1*1*1*'Sticky Wild'!$E$25*0 -> 0 | AF32: =1*1*1*0*'Sticky Wild'!$F$25 -> 0 | AG32: =1*1*1*0*0 -> 0
A33: =DEC2BIN(29,5) -> 11101 | B33: =(1-'Sticky Wild'!$B$25)*(1-'Sticky Wild'!$C$25)*(1-'Sticky Wild'!$D$25)*'Sticky Wild'!$E$25*(1-'Sticky Wild'!$F$25) -> 2.2893773e-05 | C33: =(1-'Sticky Wild'!$B$25)*(1-'Sticky Wild'!$C$25)*(1-'Sticky Wild'!$D$25)*'Sticky Wild'!$E$25*1 -> 0.00027472527 | D33: =(1-'Sticky Wild'!$B$25)*(1-'Sticky Wild'!$C$25)*(1-'Sticky Wild'!$D$25)*0*(1-'Sticky Wild'!$F$25) -> 0 | E33: =(1-'Sticky Wild'!$B$25)*(1-'Sticky Wild'!$C$25)*(1-'Sticky Wild'!$D$25)*0*1 -> 0 | F33: =(1-'Sticky Wild'!$B$25)*(1-'Sticky Wild'!$C$25)*1*'Sticky Wild'!$E$25*(1-'Sticky Wild'!$F$25) -> 0.00032051282 | G33: =(1-'Sticky Wild'!$B$25)*(1-'Sticky Wild'!$C$25)*1*'Sticky Wild'!$E$25*1 -> 0.0038461538 | H33: =(1-'Sticky Wild'!$B$25)*(1-'Sticky Wild'!$C$25)*1*0*(1-'Sticky Wild'!$F$25) -> 0 | I33: =(1-'Sticky Wild'!$B$25)*(1-'Sticky Wild'!$C$25)*1*0*1 -> 0 | J33: =(1-'Sticky Wild'!$B$25)*1*(1-'Sticky Wild'!$D$25)*'Sticky Wild'!$E$25*(1-'Sticky Wild'!$F$25) -> 0.00034340659 | K33: =(1-'Sticky Wild'!$B$25)*1*(1-'Sticky Wild'!$D$25)*'Sticky Wild'!$E$25*1 -> 0.0041208791 | L33: =(1-'Sticky Wild'!$B$25)*1*(1-'Sticky Wild'!$D$25)*0*(1-'Sticky Wild'!$F$25) -> 0 | M33: =(1-'Sticky Wild'!$B$25)*1*(1-'Sticky Wild'!$D$25)*0*1 -> 0 | N33: =(1-'Sticky Wild'!$B$25)*1*1*'Sticky Wild'!$E$25*(1-'Sticky Wild'!$F$25) -> 0.0048076923 | O33: =(1-'Sticky Wild'!$B$25)*1*1*'Sticky Wild'!$E$25*1 -> 0.057692308 | P33: =(1-'Sticky Wild'!$B$25)*1*1*0*(1-'Sticky Wild'!$F$25) -> 0 | Q33: =(1-'Sticky Wild'!$B$25)*1*1*0*1 -> 0 | R33: =1*(1-'Sticky Wild'!$C$25)*(1-'Sticky Wild'!$D$25)*'Sticky Wild'!$E$25*(1-'Sticky Wild'!$F$25) -> 0.00036630037 | S33: =1*(1-'Sticky Wild'!$C$25)*(1-'Sticky Wild'!$D$25)*'Sticky Wild'!$E$25*1 -> 0.0043956044 | T33: =1*(1-'Sticky Wild'!$C$25)*(1-'Sticky Wild'!$D$25)*0*(1-'Sticky Wild'!$F$25) -> 0 | U33: =1*(1-'Sticky Wild'!$C$25)*(1-'Sticky Wild'!$D$25)*0*1 -> 0 | V33: =1*(1-'Sticky Wild'!$C$25)*1*'Sticky Wild'!$E$25*(1-'Sticky Wild'!$F$25) -> 0.0051282051 | W33: =1*(1-'Sticky Wild'!$C$25)*1*'Sticky Wild'!$E$25*1 -> 0.061538462 | X33: =1*(1-'Sticky Wild'!$C$25)*1*0*(1-'Sticky Wild'!$F$25) -> 0 | Y33: =1*(1-'Sticky Wild'!$C$25)*1*0*1 -> 0 | Z33: =1*1*(1-'Sticky Wild'!$D$25)*'Sticky Wild'!$E$25*(1-'Sticky Wild'!$F$25) -> 0.0054945055 | AA33: =1*1*(1-'Sticky Wild'!$D$25)*'Sticky Wild'!$E$25*1 -> 0.065934066 | AB33: =1*1*(1-'Sticky Wild'!$D$25)*0*(1-'Sticky Wild'!$F$25) -> 0 | AC33: =1*1*(1-'Sticky Wild'!$D$25)*0*1 -> 0 | AD33: =1*1*1*'Sticky Wild'!$E$25*(1-'Sticky Wild'!$F$25) -> 0.076923077 | AE33: =1*1*1*'Sticky Wild'!$E$25*1 -> 0.92307692 | AF33: =1*1*1*0*(1-'Sticky Wild'!$F$25) -> 0 | AG33: =1*1*1*0*1 -> 0
A34: =DEC2BIN(30,5) -> 11110 | B34: =(1-'Sticky Wild'!$B$25)*(1-'Sticky Wild'!$C$25)*(1-'Sticky Wild'!$D$25)*(1-'Sticky Wild'!$E$25)*'Sticky Wild'!$F$25 -> 2.0985958e-05 | C34: =(1-'Sticky Wild'!$B$25)*(1-'Sticky Wild'!$C$25)*(1-'Sticky Wild'!$D$25)*(1-'Sticky Wild'!$E$25)*0 -> 0 | D34: =(1-'Sticky Wild'!$B$25)*(1-'Sticky Wild'!$C$25)*(1-'Sticky Wild'!$D$25)*1*'Sticky Wild'!$F$25 -> 0.00027281746 | E34: =(1-'Sticky Wild'!$B$25)*(1-'Sticky Wild'!$C$25)*(1-'Sticky Wild'!$D$25)*1*0 -> 0 | F34: =(1-'Sticky Wild'!$B$25)*(1-'Sticky Wild'!$C$25)*1*(1-'Sticky Wild'!$E$25)*'Sticky Wild'!$F$25 -> 0.00029380342 | G34: =(1-'Sticky Wild'!$B$25)*(1-'Sticky Wild'!$C$25)*1*(1-'Sticky Wild'!$E$25)*0 -> 0 | H34: =(1-'Sticky Wild'!$B$25)*(1-'Sticky Wild'!$C$25)*1*1*'Sticky Wild'!$F$25 -> 0.0038194444 | I34: =(1-'Sticky Wild'!$B$25)*(1-'Sticky Wild'!$C$25)*1*1*0 -> 0 | J34: =(1-'Sticky Wild'!$B$25)*1*(1-'Sticky Wild'!$D$25)*(1-'Sticky Wild'!$E$25)*'Sticky Wild'!$F$25 -> 0.00031478938 | K34: =(1-'Sticky Wild'!$B$25)*1*(1-'Sticky Wild'!$D$25)*(1-'Sticky Wild'!$E$25)*0 -> 0 | L34: =(1-'Sticky Wild'!$B$25)*1*(1-'Sticky Wild'!$D$25)*1*'Sticky Wild'!$F$25 -> 0.0040922619 | M34: =(1-'Sticky Wild'!$B$25)*1*(1-'Sticky Wild'!$D$25)*1*0 -> 0 | N34: =(1-'Sticky Wild'!$B$25)*1*1*(1-'Sticky Wild'!$E$25)*'Sticky Wild'!$F$25 -> 0.0044070513 | O34: =(1-'Sticky Wild'!$B$25)*1*1*(1-'Sticky Wild'!$E$25)*0 -> 0 | P34: =(1-'Sticky Wild'!$B$25)*1*1*1*'Sticky Wild'!$F$25 -> 0.057291667 | Q34: =(1-'Sticky Wild'!$B$25)*1*1*1*0 -> 0 | R34: =1*(1-'Sticky Wild'!$C$25)*(1-'Sticky Wild'!$D$25)*(1-'Sticky Wild'!$E$25)*'Sticky Wild'!$F$25 -> 0.00033577534 | S34: =1*(1-'Sticky Wild'!$C$25)*(1-'Sticky Wild'!$D$25)*(1-'Sticky Wild'!$E$25)*0 -> 0 | T34: =1*(1-'Sticky Wild'!$C$25)*(1-'Sticky Wild'!$D$25)*1*'Sticky Wild'!$F$25 -> 0.0043650794 | U34: =1*(1-'Sticky Wild'!$C$25)*(1-'Sticky Wild'!$D$25)*1*0 -> 0 | V34: =1*(1-'Sticky Wild'!$C$25)*1*(1-'Sticky Wild'!$E$25)*'Sticky Wild'!$F$25 -> 0.0047008547 | W34: =1*(1-'Sticky Wild'!$C$25)*1*(1-'Sticky Wild'!$E$25)*0 -> 0 | X34: =1*(1-'Sticky Wild'!$C$25)*1*1*'Sticky Wild'!$F$25 -> 0.061111111 | Y34: =1*(1-'Sticky Wild'!$C$25)*1*1*0 -> 0 | Z34: =1*1*(1-'Sticky Wild'!$D$25)*(1-'Sticky Wild'!$E$25)*'Sticky Wild'!$F$25 -> 0.00503663 | AA34: =1*1*(1-'Sticky Wild'!$D$25)*(1-'Sticky Wild'!$E$25)*0 -> 0 | AB34: =1*1*(1-'Sticky Wild'!$D$25)*1*'Sticky Wild'!$F$25 -> 0.06547619 | AC34: =1*1*(1-'Sticky Wild'!$D$25)*1*0 -> 0 | AD34: =1*1*1*(1-'Sticky Wild'!$E$25)*'Sticky Wild'!$F$25 -> 0.070512821 | AE34: =1*1*1*(1-'Sticky Wild'!$E$25)*0 -> 0 | AF34: =1*1*1*1*'Sticky Wild'!$F$25 -> 0.91666667 | AG34: =1*1*1*1*0 -> 0
A35: =DEC2BIN(31,5) -> 11111 | B35: =(1-'Sticky Wild'!$B$25)*(1-'Sticky Wild'!$C$25)*(1-'Sticky Wild'!$D$25)*(1-'Sticky Wild'!$E$25)*(1-'Sticky Wild'!$F$25) -> 1.9078144e-06 | C35: =(1-'Sticky Wild'!$B$25)*(1-'Sticky Wild'!$C$25)*(1-'Sticky Wild'!$D$25)*(1-'Sticky Wild'!$E$25)*1 -> 2.2893773e-05 | D35: =(1-'Sticky Wild'!$B$25)*(1-'Sticky Wild'!$C$25)*(1-'Sticky Wild'!$D$25)*1*(1-'Sticky Wild'!$F$25) -> 2.4801587e-05 | E35: =(1-'Sticky Wild'!$B$25)*(1-'Sticky Wild'!$C$25)*(1-'Sticky Wild'!$D$25)*1*1 -> 0.00029761905 | F35: =(1-'Sticky Wild'!$B$25)*(1-'Sticky Wild'!$C$25)*1*(1-'Sticky Wild'!$E$25)*(1-'Sticky Wild'!$F$25) -> 2.6709402e-05 | G35: =(1-'Sticky Wild'!$B$25)*(1-'Sticky Wild'!$C$25)*1*(1-'Sticky Wild'!$E$25)*1 -> 0.00032051282 | H35: =(1-'Sticky Wild'!$B$25)*(1-'Sticky Wild'!$C$25)*1*1*(1-'Sticky Wild'!$F$25) -> 0.00034722222 | I35: =(1-'Sticky Wild'!$B$25)*(1-'Sticky Wild'!$C$25)*1*1*1 -> 0.0041666667 | J35: =(1-'Sticky Wild'!$B$25)*1*(1-'Sticky Wild'!$D$25)*(1-'Sticky Wild'!$E$25)*(1-'Sticky Wild'!$F$25) -> 2.8617216e-05 | K35: =(1-'Sticky Wild'!$B$25)*1*(1-'Sticky Wild'!$D$25)*(1-'Sticky Wild'!$E$25)*1 -> 0.00034340659 | L35: =(1-'Sticky Wild'!$B$25)*1*(1-'Sticky Wild'!$D$25)*1*(1-'Sticky Wild'!$F$25) -> 0.00037202381 | M35: =(1-'Sticky Wild'!$B$25)*1*(1-'Sticky Wild'!$D$25)*1*1 -> 0.0044642857 | N35: =(1-'Sticky Wild'!$B$25)*1*1*(1-'Sticky Wild'!$E$25)*(1-'Sticky Wild'!$F$25) -> 0.00040064103 | O35: =(1-'Sticky Wild'!$B$25)*1*1*(1-'Sticky Wild'!$E$25)*1 -> 0.0048076923 | P35: =(1-'Sticky Wild'!$B$25)*1*1*1*(1-'Sticky Wild'!$F$25) -> 0.0052083333 | Q35: =(1-'Sticky Wild'!$B$25)*1*1*1*1 -> 0.0625 | R35: =1*(1-'Sticky Wild'!$C$25)*(1-'Sticky Wild'!$D$25)*(1-'Sticky Wild'!$E$25)*(1-'Sticky Wild'!$F$25) -> 3.0525031e-05 | S35: =1*(1-'Sticky Wild'!$C$25)*(1-'Sticky Wild'!$D$25)*(1-'Sticky Wild'!$E$25)*1 -> 0.00036630037 | T35: =1*(1-'Sticky Wild'!$C$25)*(1-'Sticky Wild'!$D$25)*1*(1-'Sticky Wild'!$F$25) -> 0.0003968254 | U35: =1*(1-'Sticky Wild'!$C$25)*(1-'Sticky Wild'!$D$25)*1*1 -> 0.0047619048 | V35: =1*(1-'Sticky Wild'!$C$25)*1*(1-'Sticky Wild'!$E$25)*(1-'Sticky Wild'!$F$25) -> 0.00042735043 | W35: =1*(1-'Sticky Wild'!$C$25)*1*(1-'Sticky Wild'!$E$25)*1 -> 0.0051282051 | X35: =1*(1-'Sticky Wild'!$C$25)*1*1*(1-'Sticky Wild'!$F$25) -> 0.0055555556 | Y35: =1*(1-'Sticky Wild'!$C$25)*1*1*1 -> 0.066666667 | Z35: =1*1*(1-'Sticky Wild'!$D$25)*(1-'Sticky Wild'!$E$25)*(1-'Sticky Wild'!$F$25) -> 0.00045787546 | AA35: =1*1*(1-'Sticky Wild'!$D$25)*(1-'Sticky Wild'!$E$25)*1 -> 0.0054945055 | AB35: =1*1*(1-'Sticky Wild'!$D$25)*1*(1-'Sticky Wild'!$F$25) -> 0.005952381 | AC35: =1*1*(1-'Sticky Wild'!$D$25)*1*1 -> 0.071428571 | AD35: =1*1*1*(1-'Sticky Wild'!$E$25)*(1-'Sticky Wild'!$F$25) -> 0.0064102564 | AE35: =1*1*1*(1-'Sticky Wild'!$E$25)*1 -> 0.076923077 | AF35: =1*1*1*1*(1-'Sticky Wild'!$F$25) -> 0.083333333 | AG35: =1*1*1*1*1 -> 1
A37: Column Sum | B37: =SUM(B$4:B$35) -> 1 | C37: =SUM(C$4:C$35) -> 1 | D37: =SUM(D$4:D$35) -> 1 | E37: =SUM(E$4:E$35) -> 1 | F37: =SUM(F$4:F$35) -> 1 | G37: =SUM(G$4:G$35) -> 1 | H37: =SUM(H$4:H$35) -> 1 | I37: =SUM(I$4:I$35) -> 1 | ... AG37: =SUM(AG$4:AG$35) -> 1

Sheet Notes
A1: 黏性百搭計算說明
A3: Source | B3: https://ezslotdesign.com/stickywild/
A4: 滾輪表 | B4: 黏住率由 WILD 出現次數 / 該軸有效 symbol 數計算；空白不列入 COUNTA。
A5: WILD Status | B5: 0~31 對應五個位置的二進位狀態；本表用空白 / W 顯示，與文章圖片一致。
A6: Free Spin #n | B6: 本 workbook 計算第 n 把開始時的狀態機率，因此公式使用 q^(n-1)。
A7: 狀態公式 | B7: 若該位置為 W，取 1-q^(n-1)；若該位置空白，取 q^(n-1)；五個位置相乘。
A8: 機率合計 | B8: 每個 Free Spin # 的 32 種 state 機率加總應為 100%。
A9: Transition Matrix | B9: 保留馬可夫鏈做法，M[to,from] 的每欄加總應為 1。
A10: 不含 RTP | B10: 依照文章此圖，這版只計算 1~10 把的 state 機率，未加入 state RTP 或 Free Game EV。
A11: 時間點 | B11: 第 1 把開始尚未經過任何 Free Spin，所以 00000 = 100%；第 2 把開始才等於第 1 把結束後的狀態。
A12: 後續擴充 | B12: 若要算 RTP，可另外加 state RTP 欄，再用 SUMPRODUCT(state probability, state RTP)。
